tuoi,chieu_cao,so_tran,ban_thang,kien_tao,so_phut_tren_ban,so_phut,danh_hieu,Centre_Forward,Central_Midfield,Left_Winger,Attacking_Midfield,Right_Winger,Defensive_Midfield,Second_Striker,Centre_Back,Right_Back,Left_Back ,Goalkeeper,Right_Midfield,Left_Midfield,value_club,value
24,1.78,41,40,9,85,3384,6,1,0,0,0,0,0,0,0,0,0,0,0,0,882.55,180
22,1.95,50,52,8,74,3860,6,1,0,0,0,0,0,0,0,0,0,0,0,0,1050,170
19,1.86,42,14,7,254,3557,1,0,1,0,0,0,0,0,0,0,0,0,0,0,547.7,120
22,1.76,54,23,21,203,4669,6,0,0,1,0,0,0,0,0,0,0,0,0,0,860.8,120
20,1.84,46,15,16,201,3021,6,0,0,0,1,0,0,0,0,0,0,0,0,0,979.7,110
21,1.78,47,14,11,263,3684,2,0,0,0,0,1,0,0,0,0,0,0,0,0,890,110
22,1.71,44,14,8,175,2451,6,0,0,0,0,0,0,0,0,0,0,0,0,0,1050,110
20,1.74,35,7,1,388,2715,3,0,1,0,0,0,0,0,0,0,0,0,0,0,767,100
24,1.86,37,28,5,103,2880,5,1,0,0,0,0,0,0,0,0,0,0,0,0,629,100
24,1.82,54,12,6,357,4286,6,0,1,0,0,0,0,0,0,0,0,0,0,0,860.8,100
18,1.73,46,2,6,1658,3316,2,0,1,1,0,0,0,0,0,0,0,0,0,0,767,90
23,1.88,47,0,4,0,2711,5,0,0,0,0,0,1,0,0,0,0,0,0,0,860.8,90
29,1.88,48,30,5,140,4212,3,1,0,0,0,0,0,0,0,0,0,0,0,0,680.3,90
22,1.78,49,4,9,1046,4183,5,0,0,0,0,0,1,0,0,0,0,0,0,0,1020,85
20,1.76,24,4,8,432,1726,2,0,0,1,1,0,0,0,0,0,0,0,0,0,421.85,85
22,1.83,41,14,17,220,3083,5,0,0,0,0,0,0,0,0,0,0,0,0,0,629,85
22,1.74,54,16,11,224,3592,6,0,0,0,0,1,0,0,0,0,0,0,0,0,860.8,80
25,1.74,53,25,10,152,3800,6,1,0,0,0,0,0,0,0,0,0,0,0,0,534.45,80
24,1.88,48,5,4,794,3968,0,0,0,1,0,0,1,0,0,0,0,0,0,0,451.5,80
26,1.91,53,3,7,1403,4208,6,0,0,0,0,0,1,0,0,0,0,0,0,0,1050,80
23,1.88,46,14,15,237,3316,6,0,0,0,0,0,0,0,0,0,0,0,0,0,547.25,80
25,1.78,34,20,7,128,2553,6,0,0,0,0,0,0,1,0,0,0,0,0,0,487.3,80
24,1.78,44,15,8,222,3329,5,0,0,0,1,0,0,0,0,0,0,0,0,0,890,80
25,1.85,53,29,11,141,4076,6,0,0,0,0,0,0,0,0,0,0,0,0,0,795.7,80
28,1.73,52,7,7,477,3340,6,0,0,0,1,0,0,0,0,0,0,0,0,0,1050,80
28,1.77,46,7,11,566,3962,6,0,0,0,0,0,1,0,0,0,0,0,0,0,979.7,80
31,1.81,46,10,28,352,3517,6,0,0,0,1,0,0,0,0,0,0,0,0,0,1050,80
26,1.8,20,5,3,265,1324,6,0,0,0,0,0,0,0,0,0,0,0,0,0,879,75
21,1.85,41,3,0,1002,3005,3,0,0,0,0,0,0,0,1,0,0,0,0,0,487.3,75
26,1.75,32,10,7,226,2258,6,1,0,0,0,0,0,0,0,0,0,0,0,0,890,75
23,1.9,42,14,4,210,2946,5,1,0,1,0,0,0,0,0,0,0,0,0,0,420.7,75
23,1.89,42,3,1,1100,3300,6,0,0,0,0,0,0,0,1,0,0,0,0,0,979.7,75
26,1.87,41,1,0,3288,3288,6,0,0,0,0,0,0,0,1,0,0,0,0,0,1050,75
28,1.79,56,11,15,446,4905,6,0,0,1,1,0,0,0,0,0,0,0,0,0,795.7,75
21,1.78,46,15,6,229,3440,2,0,0,0,0,0,0,0,0,0,0,0,0,0,890,70
23,1.72,46,10,5,334,3342,5,0,0,0,0,1,0,0,0,0,0,0,0,0,795.7,70
23,1.87,42,15,4,158,2365,5,1,0,0,0,0,0,0,0,0,0,0,0,0,879,70
24,1.88,31,1,2,2602,2602,3,0,0,0,0,0,0,0,1,0,0,0,0,0,767,70
23,1.8,24,2,2,968,1936,6,0,0,1,0,0,0,0,0,1,0,0,0,0,1020,70
22,1.85,38,3,8,950,2849,6,0,0,0,0,0,0,0,0,0,1,0,0,0,979.7,70
25,1.86,49,7,0,579,4051,6,0,0,0,0,0,0,0,1,0,0,0,0,0,860.8,70
24,1.81,38,5,5,548,2741,6,0,0,1,0,0,0,0,0,1,0,0,0,0,882.55,70
26,1.75,48,8,9,467,3733,6,0,1,0,0,0,0,0,0,0,0,0,0,0,534.45,70
27,1.8,48,5,11,662,3308,1,0,0,0,0,0,0,0,0,0,0,0,0,0,1050,70
27,1.83,43,14,9,191,2678,6,0,0,0,0,1,0,0,0,0,0,0,0,0,979.7,70
29,1.83,43,2,1,1817,3634,6,0,0,0,0,0,0,0,1,0,0,0,0,0,882.55,70
30,1.75,50,30,15,140,4211,6,0,0,0,0,1,0,0,0,0,0,0,0,0,879,70
31,1.75,29,18,17,131,2362,6,0,0,0,0,0,0,0,0,0,0,0,0,0,882.55,70
20,1.83,32,2,7,1099,2198,6,0,0,0,0,0,0,0,0,0,1,0,0,0,882.55,65
24,1.87,44,22,16,157,3454,1,1,0,0,0,0,0,0,0,0,0,0,0,0,294.45,65
22,1.86,20,2,0,815,1630,1,0,0,0,0,0,0,0,1,0,0,0,0,0,1020,65
24,1.81,35,3,6,729,2188,6,0,0,0,1,0,0,0,0,0,0,0,0,0,1020,65
24,1.8,46,4,9,922,3686,6,0,0,0,0,0,0,0,0,1,0,0,0,0,879,65
26,1.81,34,8,7,263,2102,6,0,0,0,0,0,0,0,0,0,0,0,0,0,979.7,65
28,1.89,39,6,6,423,2540,6,0,1,1,0,0,0,0,0,0,0,0,0,0,979.7,65
20,1.82,56,0,2,0,3394,6,0,1,0,0,0,0,0,0,0,0,0,0,0,860.8,60
22,1.75,34,10,10,212,2117,1,0,0,0,0,0,0,0,0,0,0,0,0,0,1020,60
23,1.75,38,24,4,135,3240,3,1,0,1,0,0,0,0,0,0,0,0,0,0,220.9,60
25,1.82,39,5,5,626,3132,3,0,0,0,0,0,1,0,0,0,0,0,0,0,494.3,60
24,1.93,49,19,20,199,3786,5,0,0,0,0,0,0,0,0,0,0,0,0,0,879,60
24,1.8,38,1,6,3276,3276,5,0,0,0,0,0,0,0,1,0,0,0,0,0,767,60
25,1.85,34,0,1,0,2965,3,0,0,0,0,0,0,0,1,0,0,0,0,0,680.3,60
24,1.86,42,1,2,3296,3296,6,0,0,0,0,0,0,0,1,0,0,0,0,0,979.7,60
25,1.84,43,4,5,919,3676,6,0,0,0,0,0,0,0,0,0,1,0,0,0,547.25,60
26,1.81,40,2,3,1506,3013,6,0,1,0,0,0,0,0,0,0,0,0,0,0,767,60
23,1.93,45,9,1,348,3133,6,0,0,0,1,0,0,0,0,0,0,0,0,0,1020,60
26,1.78,32,8,7,254,2031,6,0,0,0,0,1,0,0,0,0,0,0,0,0,767,60
28,1.91,45,9,8,392,3531,6,0,1,0,0,0,0,0,0,0,0,0,0,0,274.15,60
28,1.88,31,0,1,0,2405,6,0,0,0,0,0,0,0,1,0,0,0,0,0,534.45,60
28,1.82,46,3,11,1044,3133,6,0,0,0,0,0,0,0,0,1,0,0,0,0,979.7,60
28,1.7,37,9,4,275,2472,6,0,0,0,0,0,0,0,0,0,0,0,0,0,1020,60
31,2,46,46,17,91,4200,6,0,0,0,0,0,0,0,0,0,0,1,0,0,860.8,60
30,1.84,46,14,5,265,3712,4,0,0,0,0,0,0,0,0,0,0,0,0,0,680.3,60
21,1.78,41,1,1,3531,3531,1,0,0,0,0,0,1,0,0,0,0,0,0,0,358.7,55
22,1.92,33,3,1,938,2815,1,0,0,0,0,0,0,0,1,0,0,0,0,0,890,55
23,1.86,36,2,8,1174,2349,3,0,0,0,0,1,0,0,0,0,0,0,0,0,680.3,55
23,1.8,38,6,2,362,2175,6,0,0,0,0,0,0,0,0,0,0,0,0,0,795.7,55
26,1.84,34,3,4,484,1453,3,1,0,1,0,0,0,0,0,0,0,0,0,0,680.3,55
26,1.78,27,5,8,261,1305,5,0,0,0,0,0,0,0,0,0,0,0,0,0,879,55
24,1.9,42,0,6,0,3265,6,0,0,0,0,0,0,0,1,0,0,0,0,0,534.45,55
26,1.75,31,10,9,249,2489,2,0,0,0,1,0,0,0,0,0,0,0,0,0,443.1,55
27,1.76,46,17,11,146,2483,6,0,0,0,0,1,0,0,0,0,0,0,0,0,979.7,55
23,1.7,47,17,5,141,2402,6,1,0,0,0,0,0,0,0,0,0,0,0,0,1050,50
26,1.9,44,2,2,1900,3800,5,0,0,0,0,0,0,0,1,0,0,0,0,0,629,50
25,1.75,45,1,0,3411,3411,6,0,0,0,0,0,0,0,1,0,0,0,0,0,795.7,50
23,1.81,38,8,3,261,2087,3,0,0,0,0,0,0,1,0,0,0,0,0,0,1020,50
25,1.9,47,3,0,1348,4043,1,0,0,0,0,0,0,0,1,0,0,0,0,0,890,50
26,1.76,47,10,12,279,2788,5,0,0,0,0,1,0,0,0,0,0,0,0,0,767,50
23,1.81,46,2,10,1901,3802,3,0,0,0,0,0,1,0,0,0,0,0,0,0,547.25,50
23,1.7,47,14,11,271,3796,3,0,0,1,0,1,0,0,0,0,0,0,0,0,421.85,50
26,1.81,25,4,1,326,1305,2,0,0,0,0,0,0,0,0,0,0,0,0,0,376,50
23,1.92,28,11,2,159,1746,5,1,0,0,0,0,0,0,0,0,0,0,0,0,494.3,50
25,1.75,31,3,6,439,1316,6,0,0,0,0,0,0,0,0,0,0,0,0,0,420.7,50
26,1.89,40,3,9,997,2991,5,0,1,0,0,0,0,0,0,0,0,0,0,0,376,50
25,1.86,45,2,5,1690,3380,1,0,0,0,0,0,0,0,0,1,0,0,0,0,890,50
24,1.96,46,48,14,86,4140,6,0,0,0,0,0,0,0,0,0,0,1,0,0,882.55,50
27,1.84,11,1,1,832,832,6,0,0,0,0,0,0,0,1,0,0,0,0,0,979.7,50
27,1.85,35,21,5,146,3063,5,1,0,0,0,0,0,0,0,0,0,0,0,0,318.6,50
30,1.65,36,0,1,0,2805,6,0,1,0,0,0,0,0,0,0,0,0,0,0,882.55,50
30,1.8,37,2,3,1410,2821,6,0,0,0,0,0,0,0,1,0,0,0,0,0,860.8,50
31,1.85,50,6,7,626,3755,6,0,0,0,0,0,1,0,0,0,0,0,0,0,795.7,50
29,1.78,43,0,11,0,3329,6,0,0,0,0,0,0,0,0,0,1,0,0,0,879,48
24,1.83,40,2,2,1448,2895,3,0,1,0,0,0,0,0,0,0,0,0,0,0,398.7,45
25,1.8,41,5,6,593,2966,1,0,0,0,1,0,0,0,0,0,0,0,0,0,451.5,45
26,1.91,36,1,0,3079,3079,1,0,0,0,0,0,0,0,1,0,0,0,0,0,278.2,45
23,1.95,43,0,0,0,3623,5,0,0,0,0,0,0,0,1,0,0,0,0,0,494.3,45
23,1.86,40,30,19,120,3600,6,0,0,0,0,0,0,0,0,0,0,1,0,0,279.3,45
25,1.94,51,9,7,343,3083,5,1,0,0,0,0,0,0,0,0,0,0,0,0,317.15,45
25,1.85,43,1,0,3622,3622,3,0,0,0,0,0,0,0,1,0,0,0,0,0,547.25,45
29,1.88,46,38,18,108,4095,6,0,0,0,0,0,0,0,0,0,0,1,0,0,1050,45
29,1.88,48,0,1,0,3482,6,0,0,0,0,0,1,0,0,0,0,0,0,0,879,45
31,1.74,38,12,6,184,2204,6,0,0,0,0,0,0,0,0,0,0,0,0,0,979.7,45
27,1.85,44,5,7,779,3893,5,0,1,0,0,0,0,0,0,0,0,0,0,0,680.3,45
31,1.93,41,3,1,1215,3645,6,0,0,0,0,0,0,0,1,0,0,0,0,0,879,45
30,1.93,47,59,17,72,4230,6,0,0,0,0,0,0,0,0,0,0,1,0,0,879,45
35,1.7,39,20,20,173,3457,6,0,0,0,0,1,0,0,0,0,0,0,0,0,882.55,45
24,1.74,38,12,3,265,3181,3,0,1,0,0,0,0,0,0,0,0,0,0,0,358.7,42
23,1.72,46,2,3,1609,3218,6,0,1,0,0,0,0,0,0,0,0,0,0,0,882.55,42
21,1.95,34,1,2,2586,2586,0,0,0,0,0,0,1,0,0,0,0,0,0,0,352.9,42
21,1.82,46,2,2,2060,4121,6,0,0,0,0,0,0,0,1,0,0,0,0,0,280.15,42
21,1.85,46,26,12,131,3409,2,1,0,0,0,0,0,0,0,0,0,0,0,0,313,40
26,1.88,42,5,1,748,3740,0,0,0,0,0,0,0,0,1,0,0,0,0,0,420.7,40
22,1.82,33,3,0,523,1570,1,0,0,0,0,0,0,0,0,0,0,0,0,0,494.3,40
22,1.94,27,3,0,731,2193,0,0,0,0,0,0,0,0,1,0,0,0,0,0,1020,40
22,1.87,44,9,13,400,3598,6,0,0,0,1,0,0,0,0,0,0,0,0,0,487.3,40
24,1.81,41,1,4,3505,3505,1,0,0,1,0,0,1,0,0,0,0,0,0,0,376,40
23,1.91,39,4,5,759,3035,2,0,0,0,0,0,0,0,1,0,0,0,0,0,547.7,40
25,1.87,26,6,2,355,2128,6,0,1,0,0,0,0,0,0,0,0,0,0,0,680.3,40
27,1.84,43,4,8,900,3600,1,0,1,1,0,0,0,0,0,0,0,0,0,0,629,40
25,1.75,40,3,2,911,2732,3,0,0,0,0,0,1,0,0,0,0,0,0,0,547.25,40
25,1.79,29,5,9,292,1458,6,0,0,0,1,0,0,0,0,0,0,0,0,0,487.3,40
24,1.73,33,0,2,0,2180,1,0,0,1,0,0,0,0,0,0,1,0,0,0,1020,40
28,1.8,36,3,7,746,2239,3,0,1,0,0,0,0,0,0,0,0,0,0,0,457,40
26,1.8,40,6,1,561,3366,2,0,0,0,0,0,1,0,0,0,0,0,0,0,398.7,40
26,1.75,33,1,2,2411,2411,6,0,0,0,0,0,0,0,0,0,1,0,0,0,890,40
27,1.85,41,10,9,304,3042,6,0,0,0,1,0,0,0,0,0,0,0,0,0,547.7,40
29,1.8,46,7,11,401,2806,2,0,1,0,0,0,0,0,0,0,0,0,0,0,629,40
30,1.91,32,0,0,0,2493,6,0,0,0,0,0,0,0,1,0,0,0,0,0,795.7,40
30,1.88,38,31,16,110,3424,6,0,0,0,0,0,0,0,0,0,0,1,0,0,457,40
30,1.91,33,13,6,135,1753,6,1,0,0,0,0,0,0,0,0,0,0,0,0,534.45,40
30,1.9,50,2,0,1833,3666,6,0,0,0,0,0,0,0,1,0,0,0,0,0,860.8,40
31,1.87,47,36,27,118,4260,6,0,0,0,0,0,0,0,0,0,0,1,0,0,767,40
29,1.77,36,2,2,1224,2447,6,0,1,0,0,0,0,0,0,0,0,0,0,0,1020,40
34,1.85,43,32,7,115,3684,6,1,0,0,0,0,0,0,0,0,0,0,0,0,767,40
20,1.72,43,4,7,676,2705,1,0,0,0,0,1,0,0,0,0,0,0,0,0,278.2,38
25,1.9,40,46,14,79,3630,2,0,0,0,0,0,0,0,0,0,0,1,0,0,890,38
22,1.82,14,0,1,0,226,3,0,0,0,1,0,0,0,0,0,0,0,0,0,890,38
27,1.89,37,3,3,760,2281,3,0,1,0,0,0,0,0,0,0,0,0,0,0,882.55,38
26,1.86,40,8,3,414,3313,1,0,0,0,1,0,0,0,0,0,0,0,0,0,494.3,38
26,1.82,52,12,9,344,4128,0,0,0,0,0,1,0,0,0,0,0,0,0,0,451.5,38
29,1.85,39,3,0,868,2604,3,0,0,1,0,0,1,0,0,0,0,0,0,0,890,38
28,1.7,47,1,1,3865,3865,5,0,0,0,0,0,1,0,0,0,0,0,0,0,629,38
28,1.77,44,10,5,389,3886,0,0,1,0,0,0,0,0,0,0,0,0,0,0,397,38
20,1.91,40,15,6,159,2380,2,1,0,0,0,0,0,0,0,0,0,0,0,0,329.5,35
22,1.82,45,1,0,3434,3434,1,0,0,0,0,0,0,0,1,0,0,0,0,0,547.25,35
20,1.7,45,5,2,447,2234,6,0,0,0,1,0,0,0,0,0,0,0,0,0,879,35
23,1.73,42,5,13,623,3115,2,0,0,0,0,0,0,0,0,1,0,0,0,0,680.3,35
21,1.8,31,9,6,203,1830,6,0,0,0,0,0,0,0,0,0,0,0,0,0,547.7,35
22,1.71,47,9,11,421,3787,3,0,0,0,0,0,0,0,0,1,0,0,0,0,421.85,35
20,1.78,48,7,4,244,1707,3,0,0,0,0,0,0,0,0,0,0,0,0,0,767,35
25,1.77,39,6,6,518,3106,1,0,1,0,0,0,0,0,0,0,0,0,0,0,437,35
26,1.84,22,12,5,143,1719,0,0,0,0,0,0,0,0,0,0,0,0,0,0,320.3,35
23,1.81,45,16,8,204,3261,1,1,0,0,0,0,0,0,0,0,0,0,0,0,320.3,35
23,1.72,33,6,4,218,1306,2,0,0,0,0,0,0,1,0,0,0,0,0,0,629,35
25,1.87,43,4,3,902,3609,6,0,0,0,0,0,1,0,0,0,0,0,0,0,280.15,35
22,1.82,39,1,0,3510,3510,2,0,0,0,0,0,0,0,1,0,0,0,0,0,309.95,35
25,1.91,44,8,3,459,3675,2,0,0,0,0,0,1,0,0,0,0,0,0,0,201.6,35
24,1.83,41,2,3,1578,3155,3,0,0,0,0,0,0,0,0,1,0,0,0,0,795.7,35
23,1.94,24,0,0,0,2080,3,0,0,0,0,0,0,0,1,0,0,0,0,0,879,35
27,1.86,42,7,1,469,3282,6,0,0,1,0,0,0,0,0,1,0,0,0,0,979.7,35
26,1.87,39,0,0,0,3335,1,0,0,0,0,0,0,0,1,0,0,0,0,0,376,35
27,1.79,19,0,0,0,499,2,0,0,0,0,0,1,0,0,0,0,0,0,0,1050,35
26,1.8,31,2,4,1029,2058,5,0,0,0,0,0,0,0,0,0,1,0,0,0,1020,35
27,1.8,27,0,1,0,1999,6,0,0,0,0,0,0,0,0,0,1,0,0,0,860.8,35
26,1.86,46,8,9,458,3664,1,0,0,0,1,0,0,0,0,0,0,0,0,0,317.15,35
28,1.92,49,3,6,1214,3643,5,0,0,0,0,0,1,0,0,0,0,0,0,0,451.5,35
28,1.84,29,3,3,747,2240,6,0,1,0,0,0,0,0,0,0,0,0,0,0,457,35
27,1.83,15,0,0,0,966,6,0,0,0,0,0,0,0,1,0,0,0,0,0,882.55,35
29,1.74,40,11,4,259,2849,2,0,0,0,0,1,0,0,0,0,0,0,0,0,494.3,35
26,1.73,30,1,5,1307,1307,0,0,0,0,0,0,0,0,0,0,0,0,0,0,494.3,35
28,1.71,42,8,4,219,1749,6,0,0,0,0,1,0,0,0,0,0,0,0,0,457,35
25,1.94,34,35,15,86,3015,1,0,0,0,0,0,0,0,0,0,0,1,0,0,547.7,35
27,1.9,39,4,0,839,3355,3,0,0,0,0,0,1,0,0,0,0,0,0,0,253.5,35
28,1.85,34,2,1,1434,2868,5,0,0,0,0,0,0,0,1,0,0,0,0,0,457,35
27,1.72,31,1,3,2745,2745,1,0,0,0,0,0,0,0,0,0,1,0,0,0,225.65,35
27,1.78,45,1,6,3511,3511,3,0,0,0,0,0,0,0,0,0,1,0,0,0,795.7,35
27,1.91,27,26,9,93,2430,3,0,0,0,0,0,0,0,0,0,0,1,0,0,547.25,35
28,1.8,38,3,0,913,2739,6,0,0,0,0,0,0,0,1,0,0,0,0,0,1050,35
27,1.95,40,1,4,3017,3017,6,0,0,0,0,0,0,0,1,0,0,0,0,0,547.7,35
29,1.78,45,4,8,798,3190,6,0,1,0,0,0,0,0,0,0,0,0,0,0,534.45,35
31,1.78,40,3,1,886,2658,6,0,0,0,0,0,1,0,0,0,0,0,0,0,890,35
35,1.85,41,29,6,120,3467,6,1,0,0,0,0,0,0,0,0,0,0,0,0,860.8,35
21,1.8,37,6,6,443,2657,0,0,1,0,0,0,0,0,0,0,0,0,0,0,437,32
23,1.82,43,3,1,624,1873,3,0,1,0,0,0,0,0,0,0,0,0,0,0,1020,32
23,1.72,21,1,0,1088,1088,2,0,0,0,0,1,0,0,0,0,0,0,0,0,398.7,32
22,1.92,48,2,8,1862,3723,0,0,0,0,0,0,1,0,0,0,0,0,0,0,235.6,32
25,1.97,25,30,8,76,2280,0,0,0,0,0,0,0,0,0,0,0,1,0,0,358.7,32
25,1.82,39,12,3,263,3157,2,0,0,1,0,0,0,0,0,0,0,0,0,0,443.1,32
23,1.92,42,2,1,1864,3728,1,0,0,0,0,0,0,0,1,0,0,0,0,0,294.45,32
27,1.9,28,2,0,1240,2481,3,0,0,0,0,0,0,0,1,0,0,0,0,0,451.5,32
27,1.8,39,15,6,215,3225,1,1,0,1,0,0,0,0,0,0,0,0,0,0,437,32
25,1.92,31,16,7,164,2627,2,1,0,0,0,0,0,0,0,0,0,0,0,0,223,32
24,1.77,28,1,2,985,985,6,0,0,0,0,1,0,0,0,0,0,0,0,0,1020,32
26,1.83,30,0,0,0,1855,2,0,0,0,0,0,1,0,0,0,0,0,0,0,443.1,32
26,1.92,32,1,0,2783,2783,0,0,0,0,0,0,0,0,1,0,0,0,0,0,309.95,32
20,1.85,37,9,4,257,2313,0,0,0,0,1,0,0,0,0,0,0,0,0,0,146.2,30
19,1.75,42,1,7,3003,3003,3,0,0,0,0,0,0,0,0,0,1,0,0,0,767,30
22,1.85,31,1,1,2710,2710,0,0,1,0,0,0,0,0,0,0,0,0,0,0,223,30
23,1.9,45,0,0,0,3917,1,0,0,0,0,0,0,0,1,0,0,0,0,0,235.6,30
21,1.91,18,1,1,466,466,1,1,0,0,0,0,0,0,0,0,0,0,0,0,1020,30
19,1.94,32,2,2,1160,2321,1,0,0,0,0,0,0,0,1,0,0,0,0,0,329.5,30
23,1.88,38,9,2,305,2749,1,0,0,0,1,0,0,0,0,0,0,0,0,0,226.3,30
20,1.79,47,20,12,186,3710,5,0,0,0,1,0,0,0,0,0,0,0,0,0,201.6,30
24,1.94,46,2,2,1972,3943,0,0,0,0,0,0,0,0,1,0,0,0,0,0,421.85,30
22,1.77,41,18,6,145,2603,2,0,0,0,1,0,0,0,0,0,0,0,0,0,280.15,30
23,1.8,34,0,3,0,2782,0,0,0,0,0,0,1,0,0,0,0,0,0,0,309.95,30
24,1.86,46,3,0,1317,3950,1,0,0,0,0,0,0,0,1,0,0,0,0,0,317.15,30
23,1.83,37,2,3,782,1565,2,1,0,0,0,0,0,0,0,0,0,0,0,0,398.7,30
24,1.78,39,10,4,260,2596,0,0,0,0,1,0,0,0,0,0,0,0,0,0,309.95,30
21,1.9,32,1,1,867,867,6,0,1,0,0,0,0,0,0,0,0,0,0,0,979.7,30
22,1.79,43,10,3,321,3213,0,0,0,0,1,0,0,0,0,0,0,0,0,0,332.65,30
18,1.79,34,7,6,222,1555,5,1,0,0,0,0,0,0,0,0,0,0,0,0,547.7,30
22,1.75,45,12,5,322,3869,2,0,1,0,0,0,0,0,0,0,0,0,0,0,183,30
23,1.78,39,5,7,649,3244,2,0,0,0,1,0,0,0,0,0,0,0,0,0,332.65,30
24,1.73,50,20,14,207,4140,6,0,0,0,0,0,0,0,0,0,0,0,0,0,234.5,30
25,1.74,31,15,6,120,1799,1,0,0,1,0,0,0,1,0,0,0,0,0,0,329.5,30
23,1.82,42,7,3,255,1788,6,0,0,0,0,0,0,0,0,0,0,0,0,0,767,30
22,1.77,40,2,3,1278,2557,5,0,0,0,1,0,0,0,0,0,0,0,0,0,318,30
26,1.8,36,7,4,248,1734,2,0,1,0,0,0,0,0,0,0,0,0,0,0,882.55,30
25,1.83,33,7,3,409,2861,0,0,0,0,0,0,1,0,0,0,0,0,0,0,329.5,30
26,1.84,45,16,6,205,3275,2,0,0,0,1,0,0,0,0,0,0,0,0,0,294.45,30
23,1.86,43,3,6,989,2968,2,0,1,0,0,0,0,0,0,0,0,0,0,0,494.3,30
30,1.85,3,0,0,0,205,2,0,0,0,0,0,0,0,1,0,0,0,0,0,437,30
26,1.84,44,10,7,307,3068,0,0,0,1,1,0,0,0,0,0,0,0,0,0,376,30
27,1.88,46,0,1,0,3634,6,0,0,0,0,0,0,0,1,0,0,0,0,0,1050,30
25,1.85,47,0,1,0,3460,2,0,0,0,0,0,1,0,0,0,0,0,0,0,420.7,30
26,1.88,30,0,1,0,2035,6,0,0,0,0,0,0,0,1,0,0,0,0,0,879,30
26,1.76,36,4,1,685,2739,5,0,1,0,0,0,0,0,0,0,0,0,0,0,443.1,30
27,1.91,23,4,1,383,1532,5,1,0,0,0,0,0,0,0,0,0,0,0,0,421.85,30
28,1.72,42,5,13,695,3473,5,0,0,0,1,0,0,0,0,0,0,0,0,0,279.3,30
29,1.77,36,16,8,147,2348,6,0,0,0,0,0,0,1,0,0,0,0,0,0,317.15,30
29,1.73,20,6,3,196,1176,3,0,0,0,1,0,0,0,0,0,0,0,0,0,252.5,30
27,1.87,29,1,1,2109,2109,6,0,0,0,0,0,0,0,1,0,0,0,0,0,767,30
28,1.88,31,3,3,814,2442,5,0,0,0,0,0,0,0,1,0,0,0,0,0,1050,30
28,1.88,46,11,6,367,4038,6,0,1,0,0,0,0,0,0,0,0,0,0,0,420.7,30
28,1.85,38,9,6,358,3222,0,0,1,0,0,0,0,0,0,0,0,0,0,0,184.1,30
28,1.91,21,9,5,150,1353,5,1,0,0,0,0,0,0,0,0,0,0,0,0,547.7,30
31,1.8,27,11,5,147,1620,2,1,0,0,0,0,0,0,0,0,0,0,0,0,278.2,30
28,1.89,22,0,1,0,1771,6,0,0,0,0,0,0,0,1,0,0,0,0,0,1050,30
32,1.79,45,15,13,192,2887,6,0,0,0,0,1,0,0,0,0,0,0,0,0,1050,30
28,1.72,38,8,11,293,2345,2,0,0,0,0,0,0,0,0,0,0,0,0,0,890,30
23,1.75,37,0,2,0,2921,0,0,0,0,0,0,0,0,0,0,1,0,0,0,309.95,28
23,1.87,36,3,8,763,2290,1,0,0,0,0,0,0,0,1,0,0,0,0,0,487.3,28
23,1.73,35,0,3,0,2698,3,0,0,0,0,0,1,0,0,0,0,0,0,0,324.2,28
23,1.82,36,9,4,254,2285,2,0,0,0,1,0,0,0,0,0,0,0,0,0,294.45,28
20,1.85,29,7,2,141,989,2,0,0,1,1,0,0,0,0,0,0,0,0,0,547.7,28
21,1.82,19,3,0,316,948,2,0,0,0,0,1,0,0,0,0,0,0,0,0,1020,28
25,1.8,39,12,4,204,2453,2,0,0,0,0,0,0,0,0,0,0,0,0,0,236.3,28
23,1.71,38,9,7,316,2848,0,0,0,0,0,1,0,0,0,0,0,0,0,0,318.6,28
23,1.9,27,5,4,304,1522,2,0,0,0,1,0,0,0,0,0,0,0,0,0,176.43,28
29,1.85,41,2,0,1598,3196,6,0,0,1,0,0,1,0,0,0,0,0,0,0,252.5,28
25,1.83,25,1,4,1484,1484,6,0,0,0,0,0,0,0,0,1,0,0,0,0,979.7,28
27,1.88,47,2,7,1548,3097,3,0,0,0,0,0,0,0,0,0,0,0,1,0,534.45,28
26,1.72,40,5,3,495,2475,2,0,0,1,0,1,0,0,0,0,0,0,0,0,437,28
27,1.75,41,4,4,519,2076,6,0,0,0,0,1,0,0,0,0,0,0,0,0,629,28
26,1.83,41,3,3,555,1666,3,0,1,0,0,0,0,0,0,0,0,0,0,0,767,28
27,1.85,41,2,4,1736,3472,1,0,0,0,0,0,0,0,0,1,0,0,0,0,443.1,28
26,1.79,33,4,1,363,1452,6,0,0,0,0,0,0,1,0,0,0,0,0,0,313,28
25,1.8,27,3,1,677,2030,6,0,1,0,0,0,0,0,0,0,0,0,0,0,487.3,28
28,1.9,31,2,0,1204,2407,6,0,0,0,0,0,0,0,1,0,0,0,0,0,451.5,28
30,1.81,36,2,4,1074,2147,5,0,0,0,0,0,1,0,0,0,0,0,0,0,534.45,28
30,1.95,36,38,13,83,3140,6,0,0,0,0,0,0,0,0,0,0,1,0,0,437,28
30,1.86,46,7,7,518,3627,6,0,1,0,0,0,0,0,0,0,0,0,0,0,890,28
28,1.89,27,15,4,143,2148,6,1,0,0,0,0,0,0,0,0,0,0,0,0,253.5,28
19,1.77,37,5,5,429,2145,0,0,0,1,1,0,0,0,0,0,0,0,0,0,231.8,27
21,1.84,39,2,10,1455,2910,0,0,0,0,0,1,0,0,0,0,0,0,0,0,309.95,27
22,1.7,32,2,6,700,1400,3,0,0,0,1,0,0,0,0,0,0,0,0,0,890,27
22,1.92,39,0,1,0,1462,2,0,0,0,1,0,0,0,0,0,0,0,0,0,547.25,27
26,1.78,29,8,0,126,1012,2,0,0,0,0,0,0,0,0,0,0,0,0,0,680.3,27
26,1.71,33,26,9,105,2739,6,0,0,0,0,1,0,0,0,0,0,0,0,0,160,27
24,1.95,27,8,0,168,1342,3,1,0,0,0,0,0,0,0,0,0,0,0,0,451.5,27
28,1.78,35,1,3,2788,2788,3,0,1,0,0,0,0,0,0,0,0,0,0,0,437,27
30,1.8,28,7,3,341,2384,2,0,0,0,0,0,0,0,0,0,0,0,0,0,309.95,27
23,1.82,46,6,3,319,1913,2,0,1,0,0,0,0,0,0,0,0,0,0,0,629,26
18,1.8,34,6,6,222,1335,2,0,0,0,0,0,0,0,0,0,0,0,0,0,795.7,25
22,1.77,15,3,2,355,1065,5,0,0,0,0,0,1,0,0,0,0,0,0,0,332.65,25
20,1.89,31,4,4,335,1339,0,1,0,0,0,0,0,0,0,0,0,0,0,0,882.55,25
20,1.81,41,9,6,343,3083,0,0,0,0,0,1,0,0,0,0,0,0,0,0,226.3,25
21,1.83,43,1,1,3660,3660,1,0,0,0,0,0,0,0,1,0,0,0,0,0,421.85,25
20,1.84,31,17,6,141,2405,0,1,0,0,0,0,0,0,0,0,0,0,0,0,115.4,25
19,1.87,46,5,0,832,4162,1,0,0,0,0,0,0,0,1,0,0,0,0,0,313,25
19,1.81,34,1,1,2474,2474,2,0,0,0,0,0,1,0,0,0,0,0,0,0,397,25
20,1.79,21,0,1,0,1626,0,0,0,1,0,0,0,0,0,1,0,0,0,0,231.8,25
21,1.75,36,7,5,317,2221,5,1,0,0,0,0,0,0,0,0,0,0,0,0,320.3,25
21,1.78,26,0,2,0,705,1,0,0,0,0,0,0,0,0,0,0,0,0,0,795.7,25
24,1.85,45,2,2,1929,3858,1,0,1,0,0,0,0,0,0,0,0,0,0,0,324.2,25
21,1.85,51,3,3,1288,3865,3,0,0,0,0,0,0,0,1,0,0,0,0,0,234.5,25
26,1.94,40,0,0,0,3600,0,0,0,0,0,0,0,0,1,0,0,0,0,0,398.7,25
20,1.73,2,0,0,0,58,0,0,0,0,0,0,0,0,0,1,0,0,0,0,397,25
21,1.78,37,21,3,141,2966,0,1,0,0,0,0,0,0,0,0,0,0,0,0,95.1,25
22,1.97,39,45,9,78,3528,0,0,0,0,0,0,0,0,0,0,0,1,0,0,225.65,25
25,1.87,29,1,2,2201,2201,3,0,0,0,0,0,0,0,0,1,0,0,0,0,278.2,25
22,1.82,47,0,1,0,3573,1,0,0,0,0,0,1,0,0,0,0,0,0,0,234.5,25
24,1.83,35,2,1,1150,2299,0,0,0,0,0,0,0,0,0,1,0,0,0,0,680.3,25
24,1.78,33,2,2,1222,2443,1,0,1,0,0,0,0,0,0,0,0,0,0,0,443.1,25
24,1.85,41,5,5,548,2741,2,0,1,0,0,0,0,0,0,0,0,0,0,0,259.2,25
26,1.81,40,2,1,633,1266,1,0,1,0,0,0,0,0,0,0,0,0,0,0,629,25
25,1.83,15,1,1,1316,1316,2,0,0,1,0,0,0,0,0,1,0,0,0,0,443.1,25
26,1.82,27,0,0,0,1196,0,0,1,0,0,0,0,0,0,0,0,0,0,0,680.3,25
23,1.74,38,3,7,961,2882,0,0,1,0,0,0,0,0,0,0,0,0,0,0,231.8,25
23,1.84,25,0,1,0,1852,0,0,0,0,0,0,1,0,0,0,0,0,0,0,437,25
25,1.78,35,5,4,411,2055,0,0,0,0,0,0,0,0,0,0,0,0,0,0,437,25
25,1.9,47,6,4,700,4200,0,0,0,0,0,0,0,0,1,0,0,0,0,0,324.2,25
23,1.75,33,7,5,301,2108,3,0,0,0,0,1,0,0,0,0,0,0,0,0,443.1,25
27,1.78,48,6,2,366,2199,1,0,0,0,1,0,0,0,0,0,0,0,0,0,451.5,25
26,1.73,37,1,0,2955,2955,1,0,0,0,0,0,0,0,0,1,0,0,0,0,397,25
25,1.9,28,1,0,1524,1524,3,0,0,0,0,0,0,0,1,0,0,0,0,0,329.5,25
23,1.75,38,9,2,206,1851,5,1,0,0,0,0,0,0,0,0,0,0,0,0,890,25
24,1.88,32,0,2,0,1270,0,0,0,0,0,0,0,0,0,1,0,0,0,0,890,25
26,1.91,36,3,1,551,1654,2,0,0,0,0,0,1,0,0,0,0,0,0,0,795.7,25
24,1.68,50,12,14,298,3570,1,0,0,0,0,1,0,0,0,0,0,0,0,0,234.5,25
26,1.89,18,2,1,598,1196,5,1,0,0,0,0,0,0,0,0,0,0,0,0,352.9,25
25,1.8,35,1,2,1449,1449,6,0,0,0,0,0,0,0,0,0,1,0,0,0,890,25
27,1.82,49,12,8,162,1945,6,0,0,0,0,1,0,0,0,0,0,0,0,0,860.8,25
26,1.85,46,0,1,0,3255,5,0,0,0,0,0,1,0,0,0,0,0,0,0,236.3,25
27,1.77,43,10,10,340,3401,1,0,0,0,0,0,0,0,0,0,0,0,0,0,274.15,25
30,1.87,40,13,5,189,2457,2,1,0,0,0,0,0,0,0,0,0,0,0,0,252.5,25
26,1.78,44,8,8,398,3182,3,0,0,0,1,0,0,0,0,0,0,0,0,0,324.2,25
27,1.83,38,47,11,73,3420,0,0,0,0,0,0,0,0,0,0,0,1,0,0,318.6,25
25,1.9,29,35,9,73,2565,3,0,0,1,0,0,0,0,0,0,0,1,0,0,226.3,25
29,1.92,34,2,1,1442,2883,5,0,0,0,0,0,0,0,1,0,0,0,0,0,629,25
28,1.86,39,11,5,271,2981,1,1,0,0,0,0,0,0,0,0,0,0,0,0,226.3,25
30,1.96,36,1,2,3181,3181,0,0,0,0,0,0,0,0,1,0,0,0,0,0,437,25
26,1.87,37,15,5,214,3212,0,1,0,0,0,0,0,0,0,0,0,0,0,0,136.7,25
27,1.83,40,2,9,1736,3471,2,0,0,0,1,0,0,0,0,0,0,0,0,0,352.9,25
29,1.8,33,0,0,0,2716,2,0,0,0,0,0,0,0,0,0,1,0,0,0,457,25
28,1.91,47,37,22,114,4230,2,0,0,0,0,0,0,0,0,0,0,1,0,0,376,25
28,1.88,31,4,2,429,1716,1,0,0,0,1,0,0,0,0,0,0,0,0,0,329.5,25
27,1.71,31,1,3,1573,1573,5,0,0,0,1,0,0,0,0,0,0,0,0,0,457,25
27,1.91,31,0,2,0,1844,6,0,1,1,0,0,0,0,0,0,0,0,0,0,1020,25
25,1.75,47,6,10,490,2943,5,0,0,0,0,0,0,0,0,0,1,0,0,0,534.45,25
27,1.71,53,7,16,676,4731,6,0,0,0,0,0,0,0,0,0,1,0,0,0,313,25
30,1.94,30,0,0,0,1509,2,0,0,0,0,0,0,0,1,0,0,0,0,0,795.7,25
29,1.88,42,2,1,1807,3614,0,0,0,1,0,0,0,0,1,0,0,0,0,0,680.3,25
27,1.8,38,16,6,169,2698,6,1,0,0,0,0,0,0,0,0,0,0,0,0,487.3,25
29,1.83,46,5,6,811,4057,5,0,0,0,0,0,0,0,0,1,0,0,0,0,629,25
29,1.81,42,9,5,296,2667,2,0,0,0,0,0,0,0,0,0,0,0,0,0,457,25
29,1.85,37,60,7,56,3330,1,0,0,0,0,0,0,0,0,0,0,1,0,0,352.9,25
30,1.89,44,15,3,166,2490,6,1,0,0,0,0,0,0,0,0,0,0,0,0,457,25
32,1.76,45,14,16,240,3355,6,0,0,0,0,0,0,1,0,0,0,0,0,0,457,25
31,1.86,32,2,1,1275,2550,6,0,0,0,0,0,0,0,1,0,0,0,0,0,1020,25
31,1.82,41,2,9,1462,2923,6,0,1,1,0,0,0,0,0,0,0,0,0,0,795.7,25
32,1.8,48,9,7,398,3586,6,0,1,0,0,0,0,0,0,0,0,0,0,0,1050,25
21,1.82,35,11,4,254,2792,0,1,0,1,0,0,0,0,0,0,0,0,0,0,129.55,24
25,1.75,40,3,4,1153,3460,3,0,0,0,0,0,0,0,0,1,0,0,0,0,457,24
25,1.78,44,16,7,212,3394,2,0,0,1,0,0,0,0,0,0,0,0,0,0,280.15,24
30,1.84,54,3,12,1234,3703,2,0,0,0,0,0,0,0,0,0,0,0,0,1,420.7,24
30,1.72,46,13,12,277,3603,6,0,0,0,0,0,0,1,0,0,0,0,0,0,313,23
21,1.75,37,1,3,1419,1419,0,0,0,0,0,0,0,0,0,0,0,0,0,0,397,22
23,1.83,39,9,9,231,2077,6,1,0,0,0,0,0,0,0,0,0,0,0,0,279.3,22
23,1.78,41,15,6,149,2235,2,1,0,0,0,0,0,0,0,0,0,0,0,0,259.2,22
21,1.8,26,2,1,718,1436,0,0,0,0,0,0,0,0,0,0,1,0,0,0,398.7,22
20,1.88,33,3,4,889,2666,0,0,0,0,0,0,0,0,0,0,1,0,0,0,143.05,22
23,1.97,38,73,5,47,3420,1,0,0,0,0,0,0,0,0,0,0,1,0,0,318,22
21,1.82,32,3,3,575,1724,0,1,0,0,0,0,0,0,0,0,0,0,0,0,318,22
26,1.75,53,5,9,816,4080,5,0,0,1,0,0,0,0,0,0,0,0,0,0,279.3,22
23,1.72,22,7,1,145,1018,0,0,0,0,0,0,0,0,0,0,0,0,0,0,318,22
26,1.78,39,10,8,280,2799,3,0,0,0,0,0,0,0,0,0,0,0,0,0,358.7,22
20,1.78,36,0,2,0,2357,1,0,1,0,0,0,0,0,0,0,0,0,0,0,225.65,22
25,1.8,33,9,5,291,2618,6,0,1,0,0,0,0,0,0,0,0,0,0,0,160,22
23,1.78,28,1,4,1800,1800,2,0,0,0,0,0,1,0,0,0,0,0,0,0,225.65,22
25,1.83,32,0,1,0,2392,1,0,0,0,0,0,0,0,0,1,0,0,0,0,795.7,22
26,1.76,47,12,15,248,2970,3,0,0,0,0,1,0,0,0,0,0,0,0,0,313,22
22,1.93,30,0,0,0,2172,0,0,0,0,0,0,0,0,1,0,0,0,0,0,398.7,22
25,1.85,24,22,3,81,1784,6,1,0,0,0,0,0,0,0,0,0,0,0,0,154.15,22
25,1.85,27,0,1,0,1818,1,0,0,0,0,0,0,0,0,1,0,0,0,0,437,22
26,1.75,39,5,10,585,2924,1,0,0,0,0,0,0,0,0,0,0,0,0,0,318,22
25,1.83,38,0,0,0,3292,1,0,0,0,0,0,0,0,1,0,0,0,0,0,437,22
23,1.8,35,0,0,0,2736,3,0,0,0,0,0,0,0,0,0,1,0,0,0,352.9,22
23,1.84,37,7,0,424,2969,2,0,1,1,0,0,0,0,0,0,0,0,0,0,171.4,22
23,1.78,23,2,1,602,1203,2,0,0,0,0,0,0,0,0,0,0,0,0,1,680.3,22
23,1.77,18,0,3,0,1022,1,0,0,0,1,0,0,0,0,0,0,0,0,0,243.7,22
23,1.85,32,10,5,185,1851,3,1,0,0,0,0,0,0,0,0,0,0,0,0,222.83,22
26,1.79,35,10,3,237,2369,1,1,0,0,0,0,0,0,0,0,0,0,0,0,397,22
25,1.87,41,3,4,1046,3137,0,0,1,0,0,0,0,0,0,0,0,0,0,0,494.3,22
23,1.92,32,0,0,0,2154,6,0,0,0,0,0,0,0,1,0,0,0,0,0,1020,22
27,1.83,28,8,1,268,2145,1,0,0,0,0,1,0,0,0,0,0,0,0,0,235.6,22
25,1.7,38,0,2,0,3227,0,0,0,0,0,0,0,0,0,0,1,0,0,0,318.6,22
23,1.69,37,0,0,0,2552,3,0,0,0,0,0,0,0,0,0,1,0,0,0,795.7,22
27,1.72,50,11,5,263,2896,0,0,0,0,0,0,0,0,0,0,0,0,0,0,451.5,22
25,1.78,39,12,11,276,3311,5,0,0,0,0,1,0,0,0,0,0,0,0,0,126.2,22
26,1.88,20,33,6,55,1800,2,0,0,0,0,0,0,0,0,0,0,1,0,0,332.65,22
26,1.87,40,14,4,155,2169,1,1,0,0,0,0,0,0,0,0,0,0,0,0,324.2,22
25,1.74,31,1,2,2249,2249,6,0,1,0,0,0,0,0,0,0,0,0,0,0,487.3,22
28,1.9,32,0,1,0,2280,0,0,0,0,0,0,0,0,1,0,0,0,0,0,358.7,22
26,1.84,45,4,0,940,3762,2,0,1,0,0,0,0,0,0,0,0,0,0,0,294.45,22
30,1.85,39,1,1,3446,3446,1,0,0,0,0,0,0,0,1,0,0,0,0,0,352.9,22
31,1.81,34,12,5,138,1654,6,1,0,0,0,0,0,0,0,0,0,0,0,0,879,22
24,1.85,40,3,3,993,2978,5,0,1,0,0,0,0,0,0,0,0,0,0,0,318,21
26,1.78,28,14,2,165,2304,6,1,0,0,0,0,0,0,0,0,0,0,0,0,154.15,21
16,1.73,22,4,1,278,1111,3,1,0,0,0,0,0,0,0,0,0,0,0,0,154.15,20
21,1.77,36,7,9,387,2708,0,0,0,1,0,1,0,0,0,0,0,0,0,0,243.7,20
18,1.83,27,6,0,99,595,1,1,0,0,0,0,0,0,0,0,0,0,0,0,979.7,20
22,1.91,35,0,1,0,2225,2,0,0,0,0,0,0,0,1,0,0,0,0,0,421.85,20
19,1.95,40,17,3,146,2486,5,1,0,0,0,0,0,0,0,0,0,0,0,0,222.83,20
20,1.84,36,2,0,1566,3133,0,0,0,0,0,0,0,0,1,0,0,0,0,0,231.8,20
23,1.83,35,1,1,2133,2133,0,0,1,0,0,0,0,0,0,0,0,0,0,0,329.5,20
22,1.71,12,6,7,176,1059,1,0,0,0,1,0,0,0,0,0,0,0,0,0,60.15,20
22,1.94,33,2,3,1434,2868,2,0,0,1,0,0,0,0,1,0,0,0,0,0,222.83,20
20,1.7,22,3,0,243,730,2,0,0,0,1,0,0,0,0,0,0,0,0,0,879,20
21,1.74,45,12,6,239,2870,1,0,0,0,0,0,0,0,0,0,0,0,0,0,278.2,20
23,1.88,36,20,2,144,2887,0,1,0,0,0,0,0,0,0,0,0,0,0,0,235.6,20
20,1.85,25,0,4,0,1887,5,0,0,0,1,0,0,0,0,0,0,0,0,0,222.83,20
25,1.73,31,1,1,2493,2493,2,0,0,0,0,0,0,0,0,0,1,0,0,0,332.65,20
21,1.85,30,1,3,1025,1025,1,0,0,0,0,1,0,0,0,0,0,0,0,0,318.6,20
21,1.9,26,0,2,0,2020,1,0,0,0,0,0,0,0,1,0,0,0,0,0,397,20
25,1.79,50,15,6,221,3319,5,0,0,0,0,0,0,0,0,0,0,0,0,0,279.3,20
23,1.9,26,1,0,1781,1781,0,0,0,0,0,0,0,0,1,0,0,0,0,0,200.7,20
22,1.78,37,3,5,729,2188,5,0,1,0,0,0,0,0,0,0,0,0,0,0,420.7,20
23,1.89,28,0,0,0,2180,0,0,0,0,0,0,0,0,1,0,0,0,0,0,890,20
25,1.78,43,1,10,3616,3616,0,0,0,0,0,0,0,0,0,0,1,0,0,0,324.2,20
23,1.91,34,1,2,2528,2528,3,0,0,0,0,0,0,0,1,0,0,0,0,0,169.53,20
25,1.95,39,3,2,1043,3130,2,0,0,0,0,0,0,0,1,0,0,0,0,0,236.3,20
23,1.9,30,2,1,1140,2279,2,0,0,0,0,0,0,0,0,0,1,0,0,0,318,20
25,1.85,39,10,6,318,3181,2,0,0,0,0,1,0,0,0,0,0,0,0,0,129.55,20
22,1.79,41,4,3,864,3458,5,0,1,0,0,0,0,0,0,0,0,0,0,0,222.83,20
25,1.88,49,4,5,1102,4407,3,0,0,0,0,0,0,0,1,0,0,0,0,0,183,20
24,1.72,47,13,11,239,3113,2,0,0,0,0,1,0,0,0,0,0,0,0,0,278.2,20
25,1.78,40,2,6,1082,2163,2,0,0,0,1,0,0,0,0,0,0,0,0,0,320.3,20
22,1.85,41,5,1,734,3669,0,0,0,0,0,0,0,0,1,0,0,0,0,0,320.3,20
23,1.77,40,19,3,140,2654,2,1,0,0,0,0,0,0,0,0,0,0,0,0,184.1,20
24,1.83,36,4,4,354,1414,6,1,0,0,0,0,0,0,0,0,0,0,0,0,443.1,20
23,1.83,38,8,0,169,1354,6,1,0,0,0,0,0,0,0,0,0,0,0,0,420.7,20
23,1.84,53,0,3,0,3739,5,0,0,0,0,0,1,0,0,0,0,0,0,0,313,20
24,1.96,46,76,12,54,4107,1,0,0,0,0,0,0,0,0,0,0,1,0,0,123.8,20
25,1.75,39,1,8,2936,2936,1,0,0,0,0,0,0,0,0,0,1,0,0,0,358.7,20
25,1.87,25,0,3,0,1344,2,0,0,0,0,0,0,0,0,1,0,0,0,0,882.55,20
24,1.88,28,0,0,0,1770,2,0,0,0,0,0,1,0,0,0,0,0,0,0,443.1,20
26,1.87,23,0,0,0,1142,1,0,0,0,0,0,0,0,1,0,0,0,0,0,680.3,20
26,1.9,13,1,0,722,722,0,0,0,0,0,0,1,0,0,0,0,0,0,0,1020,20
24,1.75,26,0,0,0,2292,6,0,0,0,0,0,1,0,0,0,0,0,0,0,318,20
23,1.8,35,7,7,395,2766,1,0,0,1,1,0,0,0,0,0,0,0,0,0,154.65,20
25,1.8,39,0,2,0,2456,2,0,0,0,0,0,0,0,0,0,1,0,0,0,487.3,20
23,1.71,43,7,6,362,2532,6,0,0,0,1,0,0,0,0,0,0,0,0,0,547.25,20
30,1.85,49,30,13,121,3643,6,1,0,1,0,0,0,0,0,0,0,0,0,0,279.3,20
29,1.86,36,3,0,1082,3247,1,0,0,0,0,0,0,0,1,0,0,0,0,0,127.7,20
25,1.83,29,10,1,148,1481,3,1,0,0,0,0,0,0,0,0,0,0,0,0,332.65,20
25,1.78,35,5,6,561,2803,1,0,0,0,1,0,0,0,0,0,0,0,0,0,169.53,20
27,1.75,33,6,6,449,2692,2,0,0,1,0,0,0,0,0,0,0,0,0,0,220.9,20
25,1.87,38,0,2,0,3404,2,0,0,0,0,0,0,0,1,0,0,0,0,0,443.1,20
26,1.83,35,6,1,438,2628,1,0,0,0,0,0,0,0,0,0,0,0,0,0,352.9,20
28,1.87,29,7,1,354,2480,2,0,0,0,0,0,0,0,0,0,1,0,0,0,223,20
26,1.76,31,1,4,2114,2114,3,0,0,1,0,0,0,0,0,1,0,0,0,0,547.25,20
28,1.73,43,16,9,228,3640,3,0,0,0,0,0,0,0,0,0,0,0,0,0,111.3,20
25,1.76,25,2,0,392,783,6,0,1,0,0,0,0,0,0,0,0,0,0,0,882.55,20
29,1.78,29,1,2,2431,2431,5,0,0,0,0,0,1,0,0,0,0,0,0,0,160,20
27,1.65,37,6,1,321,1925,2,0,0,0,0,0,0,0,0,0,0,0,0,0,398.7,20
27,1.9,39,33,19,107,3540,5,0,0,0,0,0,0,0,0,0,0,1,0,0,534.45,20
26,1.89,38,1,0,3304,3304,2,0,0,0,0,0,0,0,1,0,0,0,0,0,161.9,20
32,1.71,9,0,1,0,685,6,0,0,0,0,0,1,0,0,0,0,0,0,0,1020,20
28,1.82,43,6,1,559,3354,6,0,0,0,0,0,0,0,1,0,0,0,0,0,259.2,20
28,1.86,50,1,3,4083,4083,6,0,0,0,0,0,1,0,0,0,0,0,0,0,317.15,20
27,1.85,44,9,9,287,2582,3,1,0,0,0,0,0,0,0,0,0,0,0,0,487.3,20
27,1.95,46,1,0,3620,3620,0,0,0,0,0,0,0,0,1,0,0,0,0,0,421.85,20
29,1.79,38,0,6,0,2752,2,0,0,0,0,0,0,0,0,0,1,0,0,0,437,20
30,1.81,39,2,2,1384,2769,1,0,0,0,0,0,0,0,0,0,1,0,0,0,680.3,20
26,1.89,33,3,0,972,2917,0,0,0,0,0,0,0,0,1,0,0,0,0,0,223,20
30,1.69,53,6,5,350,2101,5,0,1,0,0,0,0,0,0,0,0,0,0,0,795.7,20
29,1.7,35,5,14,591,2957,5,0,0,0,0,0,0,0,0,0,1,0,0,0,547.7,20
29,1.71,37,4,4,407,1627,5,0,0,0,0,1,0,0,0,0,0,0,0,0,629,20
32,1.7,41,24,7,115,2761,2,1,0,0,0,0,0,0,0,0,0,0,0,0,324.2,20
29,1.91,46,5,4,826,4128,6,0,0,0,0,0,0,0,1,0,0,0,0,0,161.9,20
30,1.91,10,0,1,0,161,6,0,1,0,0,0,0,0,0,0,0,0,0,0,420.7,20
29,1.77,42,4,2,512,2050,6,0,1,0,0,0,0,0,0,0,0,0,0,0,795.7,20
32,1.78,39,6,2,477,2863,2,0,0,0,1,0,0,0,0,0,0,0,0,0,252.5,20
38,1.87,34,17,4,157,2668,6,1,0,0,0,0,0,0,0,0,0,0,0,0,80.7,20
28,1.74,19,2,2,712,1424,6,0,0,0,1,0,0,0,0,0,0,0,0,0,154.15,19
18,1.72,19,8,4,151,1211,3,1,0,0,0,0,0,0,0,0,0,0,0,0,87.85,18
17,1.78,30,3,0,342,1026,1,0,1,0,0,0,0,0,0,0,0,0,0,0,882.55,18
21,1.73,37,1,5,2608,2608,0,0,0,1,0,0,0,0,0,1,0,0,0,0,324.2,18
20,1.89,29,0,0,0,2474,3,0,0,0,0,0,0,0,1,0,0,0,0,0,243.7,18
21,1.76,38,0,7,0,2518,0,0,0,0,0,0,0,0,0,0,1,0,0,0,320.3,18
19,1.7,44,6,5,462,2770,3,0,0,0,0,0,0,0,0,0,0,0,0,0,318,18
20,1.85,25,0,1,0,1861,0,0,0,1,0,0,0,0,0,0,1,0,0,0,318.6,18
21,1.88,37,61,5,55,3330,0,0,0,0,0,0,0,0,0,0,0,1,0,0,397,18
23,1.83,38,7,3,364,2547,0,0,0,1,0,0,0,0,0,0,0,0,0,0,352.9,18
24,1.71,31,8,7,307,2459,1,0,0,0,0,0,0,0,0,0,0,0,0,0,171.4,18
22,1.75,29,3,4,512,1535,0,0,0,1,0,0,0,0,0,0,0,0,0,0,235.6,18
24,1.88,28,0,1,0,2440,0,0,0,0,0,0,0,0,1,0,0,0,0,0,397,18
22,1.93,35,1,2,3150,3150,0,0,0,0,0,0,0,0,1,0,0,0,0,0,200.7,18
21,1.99,36,40,12,82,3270,2,0,0,0,0,0,0,0,0,0,0,1,0,0,104,18
23,1.83,37,6,0,490,2943,1,0,0,0,0,0,0,0,0,0,1,0,0,0,259.2,18
22,1.83,36,1,1,2178,2178,5,0,0,0,0,0,0,0,0,1,0,0,0,0,332.65,18
22,1.83,23,5,5,385,1926,2,1,0,0,0,0,0,0,0,0,0,0,0,0,96.2,18
20,1.73,33,7,4,206,1440,0,0,0,0,0,1,0,0,0,0,0,0,0,0,320.3,18
23,1.85,38,1,5,2793,2793,2,0,0,0,0,0,0,0,1,0,0,0,0,0,280.15,18
31,1.94,12,17,1,61,1035,6,0,0,0,0,0,0,0,0,0,0,1,0,0,1020,18
22,1.84,40,3,3,1171,3512,3,0,0,0,0,0,0,0,0,1,0,0,0,0,183,18
26,1.7,30,5,12,447,2237,6,0,0,0,1,0,0,0,0,0,0,0,0,0,160,18
20,1.75,22,6,4,208,1246,0,0,0,0,0,1,0,0,0,0,0,0,0,0,104.6,12
30,1.81,24,3,2,280,839,2,0,0,0,0,1,0,0,0,0,0,0,0,0,143.05,7.5
33,1.78,24,5,5,337,1685,6,0,1,0,0,0,0,0,0,0,0,0,0,0,41.19,8
21,1.8,44,14,3,150,2095,6,1,0,0,0,0,0,0,0,0,0,0,0,0,280.15,13
20,1.91,29,3,0,739,2216,6,0,0,0,0,0,0,0,1,0,0,0,0,0,209,9
28,1.68,41,7,7,438,3068,1,0,1,0,0,0,0,0,0,0,0,0,0,0,66.5,9
25,1.85,31,7,6,264,1847,0,1,0,0,0,0,0,0,0,0,0,0,0,0,93.6,9
26,1.82,37,9,2,321,2893,6,1,0,0,0,0,0,0,0,0,0,0,0,0,136.7,9
24,1.76,8,1,3,662,662,1,1,0,0,0,0,0,0,0,0,0,0,0,0,38.63,10
24,1.8,30,11,6,221,2428,2,0,1,0,0,0,0,0,0,0,0,0,0,0,38.63,9
18,1.76,24,11,1,144,1580,0,0,0,1,0,0,0,0,0,0,0,0,0,0,313,9
27,1.73,35,5,4,607,3037,3,0,0,0,0,0,0,0,0,1,0,0,0,0,126.1,9
24,1.87,35,0,2,0,3036,3,0,0,0,0,0,0,0,1,0,0,0,0,0,136.1,9
26,1.93,7,1,1,124,124,1,1,0,0,0,0,0,0,0,0,0,0,0,0,184.1,7
30,1.93,19,5,1,244,1218,6,1,0,0,0,0,0,0,0,0,0,0,0,0,64.4,6
18,1.74,12,1,1,466,466,0,0,0,0,1,0,0,0,0,0,0,0,0,0,358.7,9
28,1.84,22,0,4,0,1542,2,0,0,0,0,0,0,0,0,1,0,0,0,0,25.6,5
25,1.74,47,15,8,268,4024,5,0,0,0,0,1,0,0,0,0,0,0,0,0,73.3,9
31,1.9,36,52,8,62,3240,6,0,0,0,0,0,0,0,0,0,0,1,0,0,253.5,10
26,1.81,36,1,2,2269,2269,3,0,0,0,0,0,1,0,0,0,0,0,0,0,294.45,9
28,1.89,31,10,3,152,1517,2,0,0,0,0,1,0,0,0,0,0,0,0,0,201.6,8
27,1.92,35,40,11,79,3150,6,0,0,0,0,0,0,0,0,0,0,1,0,0,93.6,10
25,1.85,32,1,6,1813,1813,2,0,0,0,0,0,1,0,0,0,0,0,0,0,136.1,7
20,1.85,35,13,3,204,2656,2,1,0,0,0,0,0,0,0,0,0,0,0,0,31.63,9
30,1.75,34,3,1,368,1105,5,0,0,1,0,0,0,0,0,0,0,0,0,0,201.6,9
31,1.67,35,0,4,0,1840,1,0,0,0,0,1,0,0,0,0,0,0,0,0,136.7,4.5
26,1.88,49,64,17,69,4410,2,0,0,0,0,0,0,0,0,0,0,1,0,0,56.3,6
24,1.74,33,3,2,584,1753,1,0,0,0,1,0,0,0,0,0,0,0,0,0,146.2,10
26,1.86,36,0,1,0,3181,2,0,0,0,0,0,0,0,1,0,0,0,0,0,146.2,6
24,1.78,20,0,0,0,912,5,0,0,0,0,0,0,0,0,0,1,0,0,0,274.15,9
29,1.75,32,9,9,276,2487,6,1,0,0,0,0,0,0,0,0,0,0,0,0,41.19,8
27,1.86,24,0,0,0,1184,0,0,0,0,0,0,1,0,0,0,0,0,0,0,119.45,6.5
20,1.85,28,1,2,1213,1213,2,0,1,0,0,0,0,0,0,0,0,0,0,0,225.65,6
30,1.74,19,1,6,1415,1415,6,0,0,0,1,0,0,0,0,0,0,0,0,0,12,4.5
25,1.85,31,7,6,264,1847,0,1,0,0,0,0,0,0,0,0,0,0,0,0,93.6,9
24,1.78,20,0,0,0,912,5,0,0,0,0,0,0,0,0,0,1,0,0,0,274.15,9
26,1.82,35,2,3,719,1438,0,0,0,0,1,0,0,0,0,0,0,0,0,0,184.1,9
20,1.83,20,4,1,292,1169,1,0,1,0,0,0,0,0,0,0,0,0,0,0,397,12
20,1.77,2,0,0,0,20,1,0,0,0,0,0,1,0,0,0,0,0,0,0,1050,10
25,1.84,15,0,0,0,867,0,0,1,0,0,0,0,0,0,0,0,0,0,0,99.68,7.5
23,1.89,28,0,0,0,2180,0,0,0,0,0,0,0,0,1,0,0,0,0,0,890,20
22,1.83,36,1,1,2178,2178,5,0,0,0,0,0,0,0,0,1,0,0,0,0,332.65,18
22,1.84,16,0,0,0,827,0,0,0,0,0,0,0,0,0,1,0,0,0,0,320.3,13
22,1.88,13,4,1,154,617,1,1,0,0,0,0,0,0,0,0,0,0,0,0,154.15,7
24,1.87,17,0,1,0,1047,0,0,0,0,0,0,0,0,1,0,0,0,0,0,123.8,8
30,1.95,22,20,10,92,1837,6,0,0,0,0,0,0,0,0,0,0,1,0,0,451.5,8
24,1.72,44,7,7,460,3220,1,0,0,0,0,1,0,0,0,0,0,0,0,0,161.9,15
23,1.84,27,0,5,0,779,2,0,0,0,0,1,0,0,0,0,0,0,0,0,70,3
22,1.66,22,1,1,766,766,5,0,1,0,0,0,0,0,0,0,0,0,0,0,274.15,8
19,1.81,14,0,0,0,671,0,0,0,0,0,0,0,0,1,0,0,0,0,0,93.6,5
22,1.81,15,0,0,0,652,2,0,0,0,0,0,0,0,0,0,1,0,0,0,252.5,8
23,1.78,28,5,1,223,1115,1,1,0,0,0,0,0,0,0,0,0,0,0,0,87.4,8
30,1.85,26,2,0,206,411,3,1,0,0,0,0,0,0,0,0,0,0,0,0,294.45,4
21,1.82,28,4,8,446,1784,0,0,0,0,0,1,0,0,0,0,0,0,0,0,200.7,12
25,1.74,47,15,8,268,4024,5,0,0,0,0,1,0,0,0,0,0,0,0,0,73.3,9
20,1.7,35,6,3,211,1265,2,0,0,0,0,1,0,0,0,0,0,0,0,0,280.15,8
22,1.88,28,0,2,0,2197,2,0,0,0,0,0,0,0,1,0,0,0,0,0,99.68,8
28,1.9,33,5,3,275,1374,5,1,0,0,0,0,0,0,0,0,0,0,0,0,253.5,5
24,1.79,16,3,3,335,1004,0,0,0,1,0,0,0,0,0,0,0,0,0,0,43.6,6.5
28,1.8,19,16,7,92,1480,2,0,0,1,0,0,0,0,0,0,0,0,0,0,55,6
28,1.75,25,2,7,910,1821,2,0,0,1,0,0,0,0,0,0,0,0,0,0,64,9
27,1.72,39,6,0,300,1798,1,0,0,0,1,0,0,0,0,0,0,0,0,0,119.45,5
22,1.78,30,5,5,295,1477,1,0,1,0,0,0,0,0,0,0,0,0,0,0,62,7
28,1.76,37,3,3,947,2841,1,0,0,1,0,0,0,0,0,0,0,0,0,0,127.7,10
25,1.8,37,5,5,462,2312,1,0,0,0,0,0,0,0,0,0,0,0,0,1,123.85,8
31,1.89,28,5,0,284,1420,6,1,0,0,0,0,0,0,0,0,0,0,0,0,146.2,6
24,1.83,17,0,0,0,1092,1,0,0,0,0,0,0,0,1,0,0,0,0,0,324.2,8
28,1.92,33,0,2,0,2945,0,0,0,0,0,0,0,0,1,0,0,0,0,0,136.7,8
31,1.72,9,3,2,194,581,3,0,0,0,1,0,0,0,0,0,0,0,0,0,36.5,3
33,1.88,26,1,2,2042,2042,1,0,0,0,0,0,0,0,1,0,0,0,0,0,112.88,6
28,1.87,14,0,0,0,816,1,0,0,0,0,0,1,0,0,0,0,0,0,0,104.6,4
25,1.75,26,5,0,270,1351,1,0,0,0,0,1,0,0,0,0,0,0,0,0,64.4,4
34,1.77,48,5,2,666,3331,6,0,0,0,1,0,0,0,0,0,0,0,0,0,534.45,6
21,1.88,35,6,2,306,1836,2,0,0,0,0,1,0,0,0,0,0,0,0,0,55,7
31,1.87,24,6,3,239,1434,5,1,0,0,0,0,0,0,0,0,0,0,0,0,172.4,6
21,1.79,29,4,0,231,924,2,0,0,1,0,0,0,0,0,0,0,0,0,0,104.6,7
23,1.87,8,0,0,0,248,3,0,0,0,0,0,0,0,1,0,0,0,0,0,107.9,6
25,1.83,12,1,0,634,634,2,0,0,0,0,0,0,0,0,1,0,0,0,0,61,2.5
23,1.84,27,0,5,0,779,2,0,0,0,0,1,0,0,0,0,0,0,0,0,70,3
21,1.85,16,1,0,537,537,6,0,0,0,1,0,0,0,0,0,0,0,0,0,126.2,3
19,1.82,30,3,5,735,2206,1,0,1,0,0,0,0,0,0,0,0,0,0,0,40,8
22,1.91,28,49,4,52,2550,0,0,0,0,0,0,0,0,0,0,0,1,0,0,65,13
27,1.75,30,7,1,192,1343,6,1,0,0,0,0,0,0,0,0,0,0,0,0,136.7,4
21,1.77,31,6,2,277,1663,0,0,0,1,0,0,0,0,0,0,0,0,0,0,127.7,8
30,1.83,16,0,3,0,954,3,0,0,0,0,0,0,0,0,1,0,0,0,0,55,2.5
32,1.82,40,18,4,137,2459,3,1,0,0,0,0,0,0,0,0,0,0,0,0,78,5
21,1.75,30,11,6,148,1624,1,1,0,0,0,0,0,0,0,0,0,0,0,0,81,10
24,1.87,17,0,1,0,1047,0,0,0,0,0,0,0,0,1,0,0,0,0,0,123.8,8
21,1.79,42,5,6,407,2033,0,1,0,0,0,0,0,0,0,0,0,0,0,0,60,8
24,1.79,36,2,2,886,1772,1,0,0,0,1,0,0,0,0,0,0,0,0,0,171.4,8
24,1.73,27,2,1,770,1539,0,0,1,0,0,0,0,0,0,0,0,0,0,0,40,8
23,1.88,11,0,0,0,598,6,0,0,0,0,0,0,0,1,0,0,0,0,0,309.95,10
28,1.78,46,22,1,140,3076,2,1,0,0,0,0,0,0,0,0,0,0,0,0,66.5,7.5
30,1.76,35,6,6,485,2909,3,0,0,0,0,1,0,0,0,0,0,0,0,0,95.1,10
23,1.77,40,19,3,140,2654,2,1,0,0,0,0,0,0,0,0,0,0,0,0,184.1,20
27,1.78,38,5,6,621,3105,5,0,0,0,1,0,0,0,0,0,0,0,0,0,253.5,16
24,1.77,31,0,1,0,1893,1,0,1,0,0,0,0,0,0,0,0,0,0,0,87.4,10
24,1.75,41,14,11,196,2745,6,0,0,1,0,0,0,0,0,0,0,0,0,0,116.55,12
25,1.91,35,1,1,2716,2716,1,0,0,0,0,0,0,0,1,0,0,0,0,0,274.15,17
21,1.73,41,8,9,335,2683,0,0,0,0,0,1,0,0,0,0,0,0,0,0,376,15
25,1.83,40,1,1,3159,3159,0,0,0,0,0,0,0,0,0,1,0,0,0,0,547.7,10
25,1.86,45,13,5,203,2640,3,0,0,0,1,0,0,0,0,0,0,0,0,0,201.6,7
24,1.75,18,0,2,0,710,3,0,0,1,0,0,0,0,0,0,0,0,0,0,236.3,6.5
28,1.84,20,2,1,812,1623,1,0,1,0,0,0,0,0,0,0,0,0,0,0,154.65,7.5
31,1.71,26,1,2,1423,1423,1,0,0,0,0,0,0,0,0,0,1,0,0,0,172.4,4.8
31,1.76,19,1,3,1265,1265,6,0,0,0,1,0,0,0,0,0,0,0,0,0,20,5
25,1.78,31,5,7,467,2333,3,0,1,0,0,0,0,0,0,0,0,0,0,0,18,5
21,1.9,12,1,0,748,748,1,0,0,0,0,0,0,0,1,0,0,0,0,0,235.6,10
26,1.84,36,1,2,2612,2612,6,0,0,0,0,0,1,0,0,0,0,0,0,0,318,15
24,1.84,22,1,0,1550,1550,3,0,0,0,0,0,0,0,1,0,0,0,0,0,154.65,8.5
20,1.81,15,5,1,194,971,2,1,0,0,0,0,0,0,0,0,0,0,0,0,1020,10
24,1.83,44,8,1,438,3507,0,0,0,0,0,0,0,0,1,0,0,0,0,0,235.6,12
29,1.84,40,1,2,2743,2743,3,0,0,0,0,0,1,0,0,0,0,0,0,0,398.7,10
22,1.82,17,0,1,0,830,0,0,0,0,0,0,1,0,0,0,0,0,0,0,352.9,14
29,1.9,28,44,7,54,2369,1,0,0,0,0,0,0,0,0,0,0,1,0,0,223,7
25,1.83,41,1,6,2787,2787,3,0,0,0,0,0,0,0,0,1,0,0,0,0,313,8
26,1.95,35,1,0,2493,2493,6,0,0,0,0,0,0,0,1,0,0,0,0,0,113.7,8
24,1.71,31,8,7,307,2459,1,0,0,1,0,0,0,0,0,0,0,0,0,0,171.4,18
23,1.91,34,1,2,2528,2528,3,0,0,0,0,0,0,0,1,0,0,0,0,0,169.53,20
29,1.94,34,14,4,202,2827,2,1,0,0,0,0,0,0,0,0,0,0,0,0,93.6,15
25,1.83,39,1,0,3510,3510,2,0,0,0,0,0,0,0,1,0,0,0,0,0,116.55,11
23,1.88,17,0,0,0,808,0,0,0,0,0,0,0,0,1,0,0,0,0,0,99.68,6.5
26,1.8,17,7,3,182,1277,1,1,0,0,0,0,0,0,0,0,0,0,0,0,39.93,8
21,1.81,17,6,0,92,555,5,0,0,1,0,0,0,0,0,0,0,0,0,0,93.6,5
23,1.78,38,7,3,424,2971,0,0,0,1,0,0,0,0,0,0,0,0,0,0,225.65,16
31,1.84,13,0,0,0,664,2,0,1,0,0,0,0,0,0,0,0,0,0,0,332.65,7
27,1.91,41,5,3,389,1943,5,1,0,0,0,0,0,0,0,0,0,0,0,0,126.1,9
19,1.79,6,0,1,0,358,0,0,0,1,0,0,0,0,0,0,0,0,0,0,129.55,7
23,1.79,11,8,2,78,628,0,0,0,0,1,0,0,0,0,0,0,0,0,0,83.35,8
24,1.8,32,6,6,304,1827,5,0,0,0,1,0,0,0,0,0,0,0,0,0,77.45,8
28,1.76,13,5,2,126,632,3,1,0,0,0,0,0,0,0,0,0,0,0,0,57.1,7
28,1.9,16,1,1,1107,1107,0,0,0,0,0,0,0,0,1,0,0,0,0,0,172.4,5
30,1.85,26,2,3,756,1513,3,1,0,0,0,0,0,0,0,0,0,0,0,0,20.85,5
27,1.82,33,0,2,0,2404,0,0,0,0,0,0,0,0,0,1,0,0,0,0,123.8,5
34,1.87,45,6,2,672,4034,6,0,0,0,0,0,0,0,1,0,0,0,0,0,91.45,4
20,1.75,22,6,4,208,1246,0,0,0,0,0,1,0,0,0,0,0,0,0,0,104.6,12
31,1.81,41,1,4,2958,2958,6,0,0,0,0,0,1,0,0,0,0,0,0,0,172.4,6.5
23,1.88,20,0,1,0,627,2,0,0,0,0,0,0,0,0,1,0,0,0,0,534.45,5
27,1.88,34,1,1,1227,1227,1,0,1,0,0,0,0,0,0,0,0,0,0,0,126.1,7
24,1.75,17,2,1,546,1091,5,0,0,1,0,0,0,0,0,0,0,0,0,0,36.95,6
26,1.72,22,1,2,1036,1036,1,0,0,0,0,1,0,0,0,0,0,0,0,0,220.9,8
27,1.77,29,4,3,452,1807,2,0,0,0,0,1,0,0,0,0,0,0,0,0,62.4,4
22,1.78,32,1,5,2392,2392,0,0,1,0,0,0,0,0,0,0,0,0,0,0,123.85,7
27,1.9,22,2,1,478,957,1,1,0,0,0,0,0,0,0,0,0,0,0,0,86.3,7
27,1.93,6,6,2,75,451,5,0,0,0,0,0,0,0,0,0,0,1,0,0,80.7,7
26,1.92,20,0,0,0,723,2,0,0,0,0,0,1,0,0,0,0,0,0,0,84.85,5
23,1.88,20,0,1,0,627,2,0,0,0,0,0,0,0,0,1,0,0,0,0,534.45,5
24,1.9,39,0,1,0,3198,6,0,0,0,0,0,0,0,1,0,0,0,0,0,126.1,12
25,1.73,17,0,0,0,860,5,0,1,0,0,0,0,0,0,0,0,0,0,0,96.2,6
25,1.73,17,0,0,0,860,5,0,1,0,0,0,0,0,0,0,0,0,0,0,96.2,6
25,1.88,22,0,0,0,1533,2,0,0,0,0,0,0,0,1,0,0,0,0,0,169.53,5
25,1.84,32,2,2,1062,2125,1,0,0,0,0,0,0,0,0,0,1,0,0,0,113.7,8.5
27,1.82,48,7,10,471,3300,1,0,1,0,0,0,0,0,0,0,0,0,0,0,63.95,4.5
21,1.88,35,1,2,2889,2889,3,0,0,0,0,0,0,0,1,0,0,0,0,0,131.55,15
27,1.68,29,3,2,541,1624,3,0,1,0,0,0,0,0,0,0,0,0,0,0,111.9,8
22,1.87,30,2,1,866,1733,1,1,0,0,0,0,0,0,0,0,0,0,0,0,103.3,8
24,1.7,19,0,0,0,847,5,0,0,0,0,0,0,0,0,1,0,0,0,0,98.55,5
27,1.76,29,0,5,0,2454,0,0,0,0,0,0,0,0,0,0,1,0,0,0,80.7,8
28,1.93,2,1,1,180,180,5,0,0,0,0,0,0,0,0,0,0,1,0,0,318.6,4
23,1.78,38,7,3,424,2971,0,0,0,1,0,0,0,0,0,0,0,0,0,0,225.65,16
23,1.69,13,1,0,1170,1170,3,0,1,0,0,0,0,0,0,0,0,0,0,0,43.18,8
25,1.6,11,0,2,0,688,0,0,0,1,0,0,0,0,0,0,0,0,0,0,81.15,6
30,1.85,26,2,3,756,1513,3,1,0,0,0,0,0,0,0,0,0,0,0,0,20.85,5
29,1.85,19,0,0,0,1398,0,0,0,0,0,0,0,0,1,0,0,0,0,0,243.7,5
30,1.94,20,0,0,0,1583,2,0,0,0,0,0,0,0,1,0,0,0,0,0,154.65,3
21,1.85,15,0,1,0,1098,0,0,0,0,0,0,1,0,0,0,0,0,0,0,77.3,7
25,1.93,36,4,0,426,1703,2,0,0,0,0,0,1,0,0,0,0,0,0,0,111.3,6.5
26,1.77,34,6,7,365,2188,2,0,0,0,0,1,0,0,0,0,0,0,0,0,176.43,7.5
22,1.77,32,12,5,153,1834,2,0,0,1,0,0,0,0,0,0,0,0,0,0,102.25,7.5
24,1.83,22,2,0,418,836,0,0,1,0,0,0,0,0,0,0,0,0,0,0,102.25,5.5
20,1.86,38,4,0,484,1938,6,1,0,0,0,0,0,0,0,0,0,0,0,0,56.3,7
28,1.86,19,3,2,257,772,6,0,0,0,0,1,0,0,0,0,0,0,0,0,46.95,7
23,1.77,43,7,4,435,3047,0,0,1,0,0,0,0,0,0,0,0,0,0,0,104.6,9
21,1.85,23,6,2,218,1305,1,1,0,0,0,0,0,0,0,0,0,0,0,0,93.6,10
24,1.83,34,1,6,2677,2677,2,0,1,0,0,0,0,0,0,0,0,0,0,0,112.88,9
27,1.85,28,1,2,1191,1191,2,0,0,0,0,1,0,0,0,0,0,0,0,0,69,3.5
22,1.74,13,0,1,0,757,3,0,0,0,0,0,0,0,0,0,1,0,0,0,123.85,5
25,1.85,50,11,5,266,2924,6,1,0,0,0,0,0,0,0,0,0,0,0,0,123.8,6
22,1.82,30,0,2,0,1018,0,0,0,0,1,0,0,0,0,0,0,0,0,0,122.35,4
25,1.88,22,0,0,0,1533,2,0,0,0,0,0,0,0,1,0,0,0,0,0,169.53,5
21,1.95,36,12,5,194,2324,1,1,0,0,0,0,0,0,0,0,0,0,0,0,117.15,6.5
29,1.87,15,0,1,0,806,2,0,0,0,0,0,1,0,0,0,0,0,0,0,154.15,5
26,1.86,16,6,2,177,1062,0,0,0,0,1,0,0,0,0,0,0,0,0,0,76.6,4
25,1.85,50,11,5,266,2924,6,1,0,0,0,0,0,0,0,0,0,0,0,0,123.8,6
28,1.9,27,0,0,0,2066,2,0,0,0,0,0,0,0,1,0,0,0,0,0,80.55,5.5
29,1.78,50,6,8,686,4115,0,0,0,0,0,1,0,0,0,0,0,0,0,0,63.95,5
33,1.72,33,7,11,373,2610,1,0,0,0,1,0,0,0,0,0,0,0,0,0,220.9,5
26,1.68,33,3,3,797,2390,0,0,0,0,0,0,1,0,0,0,0,0,0,0,29.55,6.5
28,1.75,38,9,6,307,2765,3,0,0,0,1,0,0,0,0,0,0,0,0,0,61.7,6.5
26,1.68,33,3,3,797,2390,0,0,0,0,0,0,1,0,0,0,0,0,0,0,29.55,6.5
19,1.87,15,0,0,0,380,0,0,1,0,0,0,0,0,0,0,0,0,0,0,1020,15
24,1.98,22,0,2,0,1806,0,0,0,0,0,0,0,0,1,0,0,0,0,0,443.1,15
19,1.85,12,0,0,0,126,0,1,0,0,0,0,0,0,0,0,0,0,0,0,437,12
20,1.88,17,0,1,0,1111,0,0,1,0,0,0,0,0,0,0,0,0,0,0,129.55,6
21,1.94,25,0,0,0,1728,2,0,0,0,0,0,0,0,1,0,0,0,0,0,547.25,15
25,1.8,28,4,4,554,2217,3,0,0,0,0,0,0,0,0,0,1,0,0,0,154.15,7
19,1.76,17,2,4,362,724,6,0,0,0,0,1,0,0,0,0,0,0,0,0,201.6,6
28,1.85,32,10,3,195,1951,2,1,0,0,0,0,0,0,0,0,0,0,0,0,65,6
23,1.93,37,6,7,356,2133,0,1,0,0,0,0,0,0,0,0,0,0,0,0,146.2,11
23,1.8,21,0,3,0,1303,0,0,0,0,0,0,1,0,0,0,0,0,0,0,96.2,8
20,1.75,28,2,1,526,1051,1,1,0,0,0,0,0,0,0,0,0,0,0,0,65,5.5
26,1.72,48,16,7,230,3686,1,0,0,0,1,0,0,0,0,0,0,0,0,0,78,6
27,1.8,15,5,0,259,1296,2,1,0,0,0,0,0,0,0,0,0,0,0,0,38.55,6
32,1.9,13,6,1,195,1169,1,1,0,0,0,0,0,0,0,0,0,0,0,0,40,3
29,1.78,39,12,4,232,2784,6,1,0,0,0,0,0,0,0,0,0,0,0,0,76,6
26,1.75,27,1,4,2204,2204,3,0,0,0,0,0,0,0,0,1,0,0,0,0,112.88,6.5
24,1.9,40,7,2,479,3350,1,0,0,0,0,0,0,0,1,0,0,0,0,0,105.2,16
32,1.74,34,6,2,300,1797,1,0,0,0,0,1,0,0,0,0,0,0,0,0,547.25,6
24,1.75,42,6,8,411,2468,1,0,0,0,0,1,0,0,0,0,0,0,0,0,183,6
21,1.8,33,1,4,2313,2313,5,0,0,0,0,0,0,0,0,0,1,0,0,0,126.2,9
26,1.68,6,0,1,0,300,1,0,0,1,0,0,0,0,0,0,0,0,0,0,24.71,6
26,1.75,23,4,8,411,1645,1,0,0,0,1,0,0,0,0,0,0,0,0,0,54.1,7
22,1.8,27,4,3,286,1144,2,1,0,0,0,0,0,0,0,0,0,0,0,0,27.18,2.5
29,1.76,26,1,2,901,901,3,0,1,0,0,0,0,0,0,0,0,0,0,0,176.43,6
24,1.8,18,1,2,1584,1584,2,0,0,0,0,0,0,0,0,1,0,0,0,0,116.55,6
26,1.79,33,7,6,403,2819,5,0,0,0,0,0,1,0,0,0,0,0,0,0,112.88,6.5
22,1.78,33,0,6,0,2153,3,0,0,0,0,1,0,0,0,0,0,0,0,0,76.6,5
24,1.78,19,1,1,554,554,1,0,0,0,1,0,0,0,0,0,0,0,0,0,107.9,6
22,1.75,19,1,5,1583,1583,0,0,0,0,0,0,0,0,0,0,1,0,0,0,78.3,6
32,1.95,14,1,1,946,946,2,0,0,0,0,0,0,0,1,0,0,0,0,0,332.65,4
29,1.87,21,0,0,0,775,5,0,0,0,0,0,0,0,1,0,0,0,0,0,259.2,8
25,1.91,33,50,7,57,2858,0,0,0,0,0,0,0,0,0,0,0,1,0,0,86.3,4.5
26,1.93,20,9,2,189,1697,0,1,0,0,0,0,0,0,0,0,0,0,0,0,78.3,6
25,1.83,35,1,1,2494,2494,1,0,0,0,0,0,1,0,0,0,0,0,0,0,73.3,2.5
33,1.78,23,1,6,1955,1955,1,0,0,0,0,0,0,0,0,1,0,0,0,0,34,2.5
32,1.84,39,4,1,760,3041,6,0,0,0,0,0,0,0,1,0,0,0,0,0,119.45,4.5
22,2.01,29,8,4,164,1315,1,1,0,0,0,0,0,0,0,0,0,0,0,0,280.15,6
25,1.73,35,4,5,535,2139,2,0,0,0,0,1,0,0,0,0,0,0,0,0,146.2,5
25,1.75,18,2,0,360,719,6,0,0,0,0,0,0,0,0,0,1,0,0,0,243.7,6
31,1.75,35,3,2,636,1909,0,0,0,0,1,0,0,0,0,0,0,0,0,0,123.8,2
27,1.83,18,2,0,318,637,2,1,0,0,0,0,0,0,0,0,0,0,0,0,93.6,5
25,1.88,24,10,4,170,1705,6,1,0,0,0,0,0,0,0,0,0,0,0,0,117.15,12
30,1.94,20,0,0,0,1583,2,0,0,0,0,0,0,0,1,0,0,0,0,0,154.65,3
34,1.97,16,9,4,124,1120,6,1,0,0,0,0,0,0,0,0,0,0,0,0,72.7,4
26,1.84,22,0,0,0,1732,5,0,0,0,0,0,0,0,1,0,0,0,0,0,92.35,2
29,1.73,18,0,1,0,1237,1,0,0,0,0,0,1,0,0,0,0,0,0,0,102.25,6
28,1.73,24,4,6,327,1307,6,0,0,1,0,0,0,0,0,0,0,0,0,0,111.3,3.6
21,1.83,27,4,3,416,1662,5,0,0,0,0,0,0,0,0,1,0,0,0,0,52.25,4
30,1.85,12,5,9,207,1035,3,0,0,0,0,0,0,0,0,0,0,1,0,0,1050,6
25,1.85,31,8,6,302,2419,0,1,0,0,0,0,0,0,0,0,0,0,0,0,117.15,12
23,1.74,11,2,0,278,556,2,1,0,0,0,0,0,0,0,0,0,0,0,0,59.2,5
31,1.88,10,1,0,814,814,1,0,0,0,0,0,0,0,1,0,0,0,0,0,96.2,4
28,1.91,45,56,10,72,4050,6,0,0,0,0,0,0,0,0,0,0,1,0,0,81,4.5
21,1.81,25,1,2,1015,1015,0,0,0,1,0,0,0,0,0,0,0,0,0,0,66.2,6
19,1.76,17,2,4,362,724,6,0,0,0,0,1,0,0,0,0,0,0,0,0,201.6,6
22,1.84,34,4,0,706,2826,0,0,0,0,0,0,0,0,1,0,0,0,0,0,143.05,8
24,1.84,21,0,0,0,1334,2,0,0,0,0,0,0,0,1,0,0,0,0,0,146.2,3
27,1.8,25,0,4,0,1401,3,0,0,0,0,0,0,0,0,1,0,0,0,0,169.53,6.5
21,1.8,39,9,7,324,2917,2,0,0,1,0,0,0,0,0,0,0,0,0,0,64.4,6
21,1.76,5,0,0,0,197,1,0,0,1,0,0,0,0,0,0,0,0,0,0,78,2.5
27,1.86,11,1,2,537,537,0,1,0,0,0,0,0,0,0,0,0,0,0,0,15.85,1.2
25,1.93,9,0,0,0,791,2,0,0,0,0,0,0,0,1,0,0,0,0,0,94.13,6
24,1.78,35,1,2,2224,2224,0,0,1,0,0,0,0,0,0,0,0,0,0,0,69,3
20,1.77,41,1,6,2133,2133,0,0,0,0,1,0,0,0,0,0,0,0,0,0,49,8
24,1.75,23,4,4,199,795,0,0,0,0,1,0,0,0,0,0,0,0,0,0,184.1,5
29,1.76,6,0,0,0,244,0,0,0,0,0,0,0,0,0,0,1,0,0,0,136.7,3
31,1.77,30,9,2,270,2428,2,1,0,0,0,0,0,0,0,0,0,0,0,0,113.7,6
28,1.78,29,7,7,260,1818,0,1,0,0,0,0,0,0,0,0,0,0,0,0,44.2,3.8
20,1.81,16,1,3,518,518,5,0,0,0,1,0,0,0,0,0,0,0,0,0,87.4,3
33,1.8,24,0,2,0,1600,6,0,0,0,0,0,0,0,0,0,1,0,0,0,979.7,6
28,1.8,19,2,2,670,1339,0,0,1,0,0,0,0,0,0,0,0,0,0,0,98.55,6
28,1.88,29,8,2,195,1563,6,1,0,0,0,0,0,0,0,0,0,0,0,0,76.6,8
29,1.77,38,0,3,0,2866,3,0,0,0,0,0,0,0,0,0,1,0,0,0,294.45,6
29,1.78,31,4,3,497,1988,3,0,0,0,0,0,0,1,0,0,0,0,0,0,252.5,6
31,1.89,28,5,0,284,1420,6,1,0,0,0,0,0,0,0,0,0,0,0,0,146.2,6
25,1.85,5,0,0,0,330,2,0,0,0,0,0,0,0,1,0,0,0,0,0,52.25,6
25,1.85,12,0,1,0,370,1,0,1,0,0,0,0,0,0,0,0,0,0,0,86.3,4.5
21,1.83,25,2,2,778,1557,0,0,1,0,0,0,0,0,0,0,0,0,0,0,309.95,10
29,1.82,44,9,2,369,3323,2,0,1,0,0,0,0,0,0,0,0,0,0,0,156.7,8
24,1.86,31,6,1,337,2023,3,0,1,0,0,0,0,0,0,0,0,0,0,0,117.15,5.5
25,1.93,27,0,0,0,2242,0,0,0,0,0,0,0,0,1,0,0,0,0,0,171.4,5.5
28,1.85,27,7,3,249,1741,3,0,0,0,1,0,0,0,0,0,0,0,0,0,23.33,4
32,1.73,5,0,0,0,194,6,0,0,0,0,0,0,0,0,1,0,0,0,0,547.25,2.5
28,1.78,17,2,0,700,1399,3,0,0,0,0,0,1,0,0,0,0,0,0,0,78.3,5.5
24,1.74,38,5,4,256,1278,2,0,0,1,0,0,0,0,0,0,0,0,0,0,116.55,5.5
27,1.74,18,2,6,503,1006,3,0,0,1,0,0,0,0,0,0,0,0,0,0,102.25,4
21,1.88,37,61,5,55,3330,0,0,0,0,0,0,0,0,0,0,0,1,0,0,397,18
24,1.74,4,0,0,0,204,6,0,0,0,0,0,0,0,0,0,1,0,0,0,352.9,5
17,1.7,14,2,0,286,571,0,0,0,0,0,1,0,0,0,0,0,0,0,0,547.7,5
22,1.76,41,2,7,1490,2979,1,0,1,0,0,0,0,0,0,0,0,0,0,0,225.65,15
34,1.83,35,44,12,70,3073,5,0,0,0,0,0,0,0,0,0,0,1,0,0,979.7,5
21,1.94,33,2,3,1434,2868,2,0,0,0,0,0,0,0,1,0,0,0,0,0,222.83,20
28,1.85,30,2,2,1247,2494,0,0,0,0,0,0,0,0,1,0,0,0,0,0,66.5,7
20,1.84,39,4,3,569,2276,1,0,0,1,0,0,0,0,0,0,0,0,0,0,55,6.5
28,1.91,7,4,4,158,630,2,0,0,0,0,0,0,0,0,0,0,1,0,0,890,5
24,1.76,13,6,5,131,788,3,1,0,0,0,0,0,0,0,0,0,0,0,0,222.83,10
19,1.73,11,1,1,482,482,0,0,0,0,0,1,0,0,0,0,0,0,0,0,176.43,6
19,1.87,7,0,0,0,130,0,0,0,0,1,0,0,0,0,0,0,0,0,0,146.2,4
20,2.06,23,1,0,1540,1540,0,0,0,0,0,0,0,0,1,0,0,0,0,0,49.9,5
30,1.85,28,0,1,0,1688,0,0,0,0,0,0,0,0,0,0,1,0,0,0,278.2,5
24,1.89,31,2,1,574,1147,2,0,0,0,1,0,0,0,0,0,0,0,0,0,171.4,8.5
22,1.84,48,0,0,0,3933,2,0,0,0,0,0,1,0,0,0,0,0,0,0,156.7,10
21,1.81,18,0,4,0,843,0,0,0,0,0,0,0,0,0,1,0,0,0,0,329.5,10
23,1.83,32,0,3,0,2089,1,0,0,0,0,0,0,0,0,0,1,0,0,0,136.1,6.5
26,1.88,22,3,4,462,1385,3,0,0,0,0,0,1,0,0,0,0,0,0,0,89.55,4.5
25,1.9,40,11,2,99,1093,3,1,0,0,0,0,0,0,0,0,0,0,0,0,313,5
31,1.83,33,2,0,1468,2937,5,0,0,0,0,0,1,0,0,0,0,0,0,0,126.2,5
26,1.88,24,0,2,0,1982,2,0,0,0,0,0,0,0,1,0,0,0,0,0,223,12
28,1.91,17,2,1,548,1096,0,1,0,0,0,0,0,0,0,0,0,0,0,0,84.85,4
23,1.82,10,1,0,605,605,1,0,0,0,0,0,0,0,1,0,0,0,0,0,629,7
28,1.75,27,0,2,0,2036,0,0,1,0,0,0,0,0,0,0,0,0,0,0,136.7,5
26,1.82,25,2,2,573,1146,3,1,0,0,0,0,0,0,0,0,0,0,0,0,99.68,4.5
25,1.75,29,3,3,655,1964,6,0,0,0,0,0,0,0,0,1,0,0,0,0,280.15,6
25,1.75,35,13,2,188,2449,5,1,0,0,0,0,0,0,0,0,0,0,0,0,38.95,5
19,1.77,7,2,0,169,338,0,0,0,0,0,0,0,0,0,1,0,0,0,0,879,5
29,1.79,17,2,1,662,1325,3,0,0,0,0,1,0,0,0,0,0,0,0,0,28.35,3.5
24,1.76,40,5,5,406,2030,0,1,0,0,0,0,0,0,0,0,0,0,0,0,123.8,4
25,1.9,40,11,2,99,1093,3,1,0,0,0,0,0,0,0,0,0,0,0,0,313,5
20,1.76,32,1,2,2102,2102,0,0,0,0,0,0,1,0,0,0,0,0,0,0,231.8,10
26,1.77,42,7,6,362,2535,5,0,1,0,0,0,0,0,0,0,0,0,0,0,279.3,10
26,1.81,35,6,1,211,1264,1,1,0,0,0,0,0,0,0,0,0,0,0,0,61,3
22,1.87,22,3,1,556,1667,0,0,0,0,0,0,0,0,1,0,0,0,0,0,33.03,4
23,1.89,25,0,0,0,1002,0,0,0,0,0,0,1,0,0,0,0,0,0,0,184.1,4
28,1.85,38,17,1,93,1574,5,1,0,0,0,0,0,0,0,0,0,0,0,0,60.15,5
29,1.75,37,5,6,470,2349,1,0,0,0,1,0,0,0,0,0,0,0,0,0,184.1,4
23,1.78,10,0,0,0,192,0,0,0,0,0,1,0,0,0,0,0,0,0,0,78.3,5
25,1.89,12,0,0,0,902,2,0,0,0,0,0,0,0,1,0,0,0,0,0,113.7,3.5
24,1.78,35,2,8,1033,2066,2,0,0,0,0,0,0,0,0,0,1,0,0,0,172.4,6
25,1.91,43,3,2,1148,3444,5,0,0,0,0,0,0,0,1,0,0,0,0,0,70,5
29,1.91,18,0,0,0,1279,6,0,0,0,0,0,0,0,1,0,0,0,0,0,28.33,3.5
23,1.8,30,5,1,260,1301,1,1,0,0,0,0,0,0,0,0,0,0,0,0,112.88,5
21,1.89,18,2,1,816,1632,0,0,0,0,0,0,0,0,1,0,0,0,0,0,37.65,0
25,1.72,34,2,3,1382,2765,1,0,0,0,0,0,0,0,0,1,0,0,0,0,93.6,8
21,1.89,18,2,1,816,1632,0,0,0,0,0,0,0,0,1,0,0,0,0,0,37.65,0
26,1.89,45,13,10,171,2228,0,1,0,0,0,0,0,0,0,0,0,0,0,0,111.3,7
24,1.84,24,2,1,402,803,3,1,0,0,0,0,0,0,0,0,0,0,0,0,77.3,4
32,1.79,27,3,1,471,1412,1,1,0,0,0,0,0,0,0,0,0,0,0,0,62.4,2.5
28,1.85,31,3,2,858,2575,2,0,0,0,0,0,0,0,1,0,0,0,0,0,176.43,5.5
26,1.8,38,21,3,161,3386,3,1,0,0,0,0,0,0,0,0,0,0,0,0,43.7,6
28,1.75,32,4,1,549,2197,6,0,1,0,0,0,0,0,0,0,0,0,0,0,99.68,3.4
29,1.85,32,6,3,456,2739,0,0,0,0,0,0,1,0,0,0,0,0,0,0,69,4
26,1.78,36,9,1,151,1356,0,0,0,0,0,1,0,0,0,0,0,0,0,0,64.4,5
28,1.95,38,45,9,76,3420,0,0,0,0,0,0,0,0,0,0,0,1,0,0,22.73,5
26,1.78,34,7,1,184,1286,1,1,0,0,0,0,0,0,0,0,0,0,0,0,119.45,4.5
29,1.64,11,0,1,0,507,0,0,0,0,0,0,0,0,0,0,0,0,1,0,184.1,4
23,1.83,32,0,3,0,2089,1,0,0,0,0,0,0,0,0,0,1,0,0,0,136.1,6.5
29,1.83,32,4,0,598,2393,1,0,1,0,0,0,0,0,0,0,0,0,0,0,113.7,4
24,1.88,26,0,1,0,1761,0,0,0,0,0,0,0,0,1,0,0,0,0,0,98.55,3.5
24,1.74,17,0,2,0,980,3,0,0,0,0,0,0,0,0,1,0,0,0,0,64.4,4
25,1.75,30,8,3,265,2123,5,0,0,1,0,0,0,0,0,0,0,0,0,0,38.75,6
26,1.85,34,16,7,171,2742,3,1,0,0,0,0,0,0,0,0,0,0,0,0,40.73,3.2
26,1.77,14,4,3,133,531,0,0,0,0,0,1,0,0,0,0,0,0,0,0,78,9
31,1.85,18,1,0,895,895,2,0,0,0,0,0,0,0,0,1,0,0,0,0,457,9
19,1.8,10,1,0,733,733,2,0,1,0,0,0,0,0,0,0,0,0,0,0,78.3,15
23,1.78,39,5,7,649,3244,2,0,0,0,1,0,0,0,0,0,0,0,0,0,332.65,30
19,1.73,28,6,4,224,1345,1,1,0,0,0,0,0,0,0,0,0,0,0,0,358.7,11
22,1.93,19,1,2,835,835,6,1,0,0,0,0,0,0,0,0,0,0,0,0,136.1,9
25,1.75,29,3,1,615,1844,1,0,1,0,0,0,0,0,0,0,0,0,0,0,171.4,8.5
29,1.96,31,7,1,294,2059,1,1,0,0,0,0,0,0,0,0,0,0,0,0,113.7,9
30,1.72,36,1,5,3042,3042,6,0,0,0,0,0,0,0,0,0,1,0,0,0,231.8,9
26,1.82,24,0,1,0,1106,2,0,1,0,0,0,0,0,0,0,0,0,0,0,317.15,11
21,1.95,34,1,2,2586,2586,0,0,0,0,0,0,1,0,0,0,0,0,0,0,352.9,42
22,1.93,30,0,0,0,2172,0,0,0,0,0,0,0,0,1,0,0,0,0,0,398.7,22
23,1.85,38,1,5,2793,2793,2,0,0,0,0,0,0,0,1,0,0,0,0,0,280.15,18
26,1.94,28,1,1,2279,2279,1,0,0,0,0,0,0,0,1,0,0,0,0,0,253.5,18
25,1.87,38,0,2,0,3404,2,0,0,0,0,0,0,0,1,0,0,0,0,0,443.1,20
19,1.85,32,0,1,0,2036,1,0,0,0,0,0,1,0,0,0,0,0,0,0,222.83,12
22,1.71,22,0,1,0,875,6,0,0,0,0,0,0,0,0,0,1,0,0,0,1050,15
19,1.8,10,1,0,733,733,2,0,1,0,0,0,0,0,0,0,0,0,0,0,78.3,15
21,1.77,36,7,9,387,2708,0,0,0,0,0,1,0,0,0,0,0,0,0,0,243.7,20
21,1.9,26,0,2,0,2020,1,0,0,0,0,0,0,0,1,0,0,0,0,0,397,20
20,1.79,32,4,3,530,2120,3,0,0,1,0,0,0,0,0,0,0,0,0,0,200.7,10
25,1.74,31,15,6,120,1799,1,0,0,0,0,0,0,1,0,0,0,0,0,0,329.5,30
26,1.94,30,39,7,70,2730,2,0,0,0,0,0,0,0,0,0,0,1,0,0,103.3,16
25,1.83,47,4,4,773,3091,2,0,0,0,0,0,1,0,0,0,0,0,0,0,236.3,9
31,1.89,38,32,17,108,3450,3,0,0,0,0,0,0,0,0,0,0,1,0,0,280.15,10
25,1.68,26,6,1,369,2215,1,0,0,0,0,1,0,0,0,0,0,0,0,0,154.15,9
26,1.83,28,2,0,808,1616,2,0,0,0,1,0,0,0,0,0,0,0,0,0,397,15
25,1.94,32,10,2,209,2090,0,1,0,0,0,0,0,0,0,0,0,0,0,0,143.05,13
23,1.87,32,4,4,632,2526,1,0,0,0,0,0,0,0,1,0,0,0,0,0,154.65,10
29,1.75,23,7,5,237,1656,0,0,0,1,0,0,0,0,0,0,0,0,0,0,22.78,10
30,1.79,32,13,8,158,2057,3,0,0,1,0,0,0,0,0,0,0,0,0,0,397,7
29,1.71,36,6,2,399,2393,3,0,0,0,0,0,0,1,0,0,0,0,0,0,111.9,9
21,1.75,28,0,0,0,850,2,0,0,0,0,0,1,0,0,0,0,0,0,0,534.45,12
19,1.7,44,6,5,462,2770,3,0,0,1,0,0,0,0,0,0,0,0,0,0,318,18
31,1.91,29,4,0,264,1056,6,1,0,0,0,0,0,0,0,0,0,0,0,0,332.65,10
23,1.82,32,2,2,737,1474,0,1,0,0,0,0,0,0,0,0,0,0,0,0,225.65,5
28,1.79,39,12,8,244,2925,6,0,0,1,0,0,0,0,0,0,0,0,0,0,119.45,10.5
29,1.85,28,17,1,90,1536,6,1,0,0,0,0,0,0,0,0,0,0,0,0,172.4,10
29,1.71,36,6,2,399,2393,3,0,0,0,0,0,0,1,0,0,0,0,0,0,111.9,9
30,1.76,44,3,9,1214,3643,6,0,0,0,1,0,0,0,0,0,0,0,0,0,294.45,13
28,1.78,24,1,3,1284,1284,1,0,0,0,0,0,0,0,0,1,0,0,0,0,176.43,6.5
20,1.83,11,0,1,0,325,0,0,1,0,0,0,0,0,0,0,0,0,0,0,547.25,8.5
27,1.95,44,15,3,197,2960,3,1,0,0,0,0,0,0,0,0,0,0,0,0,376,12
26,1.79,15,0,0,0,844,0,0,0,0,0,0,1,0,0,0,0,0,0,0,79.95,7.5
24,1.8,25,3,4,480,1441,0,0,0,0,0,0,0,0,0,0,0,0,1,0,87.4,8
27,1.82,29,4,7,524,2097,5,0,0,0,1,0,0,0,0,0,0,0,0,0,169.53,12
28,1.94,12,10,6,108,1080,2,0,0,0,0,0,0,0,0,0,0,1,0,0,629,5
28,1.84,4,9,0,40,360,2,0,0,0,0,0,0,0,0,0,0,1,0,0,111.9,4
22,1.71,33,0,4,0,2200,1,0,0,0,0,0,0,0,0,0,1,0,0,0,127.7,10
27,1.87,26,13,1,140,1819,1,1,0,0,0,0,0,0,0,0,0,0,0,0,115.95,10
34,1.86,44,1,12,2924,2924,6,0,0,0,0,0,0,0,0,0,0,0,0,1,680.3,10
27,1.75,19,2,4,622,1245,5,0,0,0,1,0,0,0,0,0,0,0,0,0,35.77,10
32,1.75,26,0,1,0,2252,6,0,0,0,0,0,1,0,0,0,0,0,0,0,35.77,8
25,1.8,27,0,1,0,1764,5,0,0,0,0,0,0,0,0,0,0,0,1,0,397,8
25,1.8,16,1,3,895,895,1,0,0,0,1,0,0,0,0,0,0,0,0,0,259.2,14
23,1.91,24,2,1,982,1965,0,0,0,0,0,0,0,0,1,0,0,0,0,0,209,10
24,1.89,33,2,4,838,1676,1,0,0,0,0,0,1,0,0,0,0,0,0,0,209,10
30,1.81,24,3,2,280,839,2,0,0,0,0,1,0,0,0,0,0,0,0,0,143.05,7.5
33,1.82,19,0,1,0,795,6,0,1,0,0,0,0,0,0,0,0,0,0,0,226.3,3
28,1.77,33,0,2,0,1412,0,0,1,0,0,0,0,0,0,0,0,0,0,0,81,4
26,1.9,31,6,2,432,2591,0,0,0,0,0,0,0,0,0,1,0,0,0,0,136.1,10
25,1.84,20,0,1,0,556,2,0,0,0,1,0,0,0,0,0,0,0,0,0,77.3,7
20,1.75,22,6,4,208,1246,0,0,0,0,0,1,0,0,0,0,0,0,0,0,104.6,12
28,1.88,29,8,2,195,1563,6,1,0,0,0,0,0,0,0,0,0,0,0,0,76.6,8
21,1.79,28,1,1,1761,1761,0,0,0,0,0,0,1,0,0,0,0,0,0,0,111.9,12
22,1.95,50,52,8,74,3860,6,1,0,0,0,0,0,0,0,0,0,0,0,0,1050,170
23,1.89,42,3,1,1100,3300,6,0,0,0,0,0,0,0,1,0,0,0,0,0,979.7,75
28,1.7,37,9,4,275,2472,6,0,0,1,0,0,0,0,0,0,0,0,0,0,1020,60
31,1.74,38,12,6,184,2204,6,0,0,1,0,0,0,0,0,0,0,0,0,0,979.7,45
30,1.91,33,13,6,135,1753,6,1,0,0,0,0,0,0,0,0,0,0,0,0,534.45,40
28,1.82,46,3,11,1044,3133,6,0,0,0,0,0,0,0,0,1,0,0,0,0,979.7,60
25,1.75,31,3,6,439,1316,6,0,0,1,0,0,0,0,0,0,0,0,0,0,420.7,50
23,1.88,47,0,4,0,2711,5,0,0,0,0,0,1,0,0,0,0,0,0,0,860.8,90
24,1.8,38,1,6,3276,3276,5,0,0,0,0,0,0,0,1,0,0,0,0,0,767,60
24,1.93,49,19,20,199,3786,5,0,0,1,0,0,0,0,0,0,0,0,0,0,879,60
22,1.78,49,4,9,1046,4183,5,0,0,0,0,0,1,0,0,0,0,0,0,0,1020,85
23,1.87,42,15,4,158,2365,5,1,0,0,0,0,0,0,0,0,0,0,0,0,879,70
27,1.89,37,3,3,760,2281,3,0,1,0,0,0,0,0,0,0,0,0,0,0,882.55,38
26,1.75,32,10,7,226,2258,6,1,0,0,0,0,0,0,0,0,0,0,0,0,890,75
27,1.79,19,0,0,0,499,2,0,0,0,0,0,1,0,0,0,0,0,0,0,1050,35
26,1.8,36,7,4,248,1734,2,0,1,0,0,0,0,0,0,0,0,0,0,0,882.55,30
23,1.81,38,8,3,261,2087,3,0,0,0,0,0,0,1,0,0,0,0,0,0,1020,50
26,1.84,34,3,4,484,1453,3,1,0,0,0,0,0,0,0,0,0,0,0,0,680.3,55
25,1.85,34,0,1,0,2965,3,0,0,0,0,0,0,0,1,0,0,0,0,0,680.3,60
30,1.91,10,0,1,0,161,6,0,1,0,0,0,0,0,0,0,0,0,0,0,420.7,20
26,1.76,47,10,12,279,2788,5,0,0,0,0,1,0,0,0,0,0,0,0,0,767,50
34,1.85,43,32,7,115,3684,6,1,0,0,0,0,0,0,0,0,0,0,0,0,767,40
26,1.83,41,3,3,555,1666,3,0,1,0,0,0,0,0,0,0,0,0,0,0,767,28
23,1.81,45,16,8,204,3261,1,1,0,0,0,0,0,0,0,0,0,0,0,0,320.3,35
22,1.86,20,2,0,815,1630,1,0,0,0,0,0,0,0,1,0,0,0,0,0,1020,65
31,1.85,50,6,7,626,3755,6,0,0,0,0,0,1,0,0,0,0,0,0,0,795.7,50
22,1.75,34,10,10,212,2117,1,0,0,1,0,0,0,0,0,0,0,0,0,0,1020,60
22,1.82,33,3,0,523,1570,1,0,0,1,0,0,0,0,0,0,0,0,0,0,494.3,40
20,1.83,32,2,7,1099,2198,6,0,0,0,0,0,0,0,0,0,1,0,0,0,882.55,65
22,1.94,27,3,0,731,2193,0,0,0,0,0,0,0,0,1,0,0,0,0,0,1020,40
26,1.79,33,4,1,363,1452,6,0,0,0,0,0,0,1,0,0,0,0,0,0,313,28
30,1.85,3,0,0,0,205,2,0,0,0,0,0,0,0,1,0,0,0,0,0,437,30
30,1.9,50,2,0,1833,3666,6,0,0,0,0,0,0,0,1,0,0,0,0,0,860.8,40
23,1.72,46,10,5,334,3342,5,0,0,0,0,1,0,0,0,0,0,0,0,0,795.7,70
24,1.83,40,2,2,1448,2895,3,0,1,0,0,0,0,0,0,0,0,0,0,0,398.7,45
25,1.8,41,5,6,593,2966,1,0,0,0,1,0,0,0,0,0,0,0,0,0,451.5,45
26,1.88,42,5,1,748,3740,0,0,0,0,0,0,0,0,1,0,0,0,0,0,420.7,40
31,1.86,32,2,1,1275,2550,6,0,0,0,0,0,0,0,1,0,0,0,0,0,1020,25
28,1.91,21,9,5,150,1353,5,1,0,0,0,0,0,0,0,0,0,0,0,0,547.7,30
21,1.8,31,9,6,203,1830,6,0,0,1,0,0,0,0,0,0,0,0,0,0,547.7,35
26,1.82,27,0,0,0,1196,0,0,1,0,0,0,0,0,0,0,0,0,0,0,680.3,25
27,1.8,38,16,6,169,2698,6,1,0,0,0,0,0,0,0,0,0,0,0,0,487.3,25
21,1.9,32,1,1,867,867,6,0,1,0,0,0,0,0,0,0,0,0,0,0,979.7,30
31,1.78,40,3,1,886,2658,6,0,0,0,0,0,1,0,0,0,0,0,0,0,890,35
26,1.78,29,8,0,126,1012,2,0,0,1,0,0,0,0,0,0,0,0,0,0,680.3,27
27,1.95,40,1,4,3017,3017,6,0,0,0,0,0,0,0,1,0,0,0,0,0,547.7,35
27,1.87,29,1,1,2109,2109,6,0,0,0,0,0,0,0,1,0,0,0,0,0,767,30
29,1.77,36,16,8,147,2348,6,0,0,0,0,0,0,1,0,0,0,0,0,0,317.15,30
23,1.91,39,4,5,759,3035,2,0,0,0,0,0,0,0,1,0,0,0,0,0,547.7,40
25,1.75,45,1,0,3411,3411,6,0,0,0,0,0,0,0,1,0,0,0,0,0,795.7,50
26,1.79,33,4,1,363,1452,6,0,0,0,0,0,0,1,0,0,0,0,0,0,313,28
23,1.92,28,11,2,159,1746,5,1,0,0,0,0,0,0,0,0,0,0,0,0,494.3,50
23,1.72,46,2,3,1609,3218,6,0,1,0,0,0,0,0,0,0,0,0,0,0,882.55,42
23,1.95,43,0,0,0,3623,5,0,0,0,0,0,0,0,1,0,0,0,0,0,494.3,45
24,1.95,27,8,0,168,1342,3,1,0,0,0,0,0,0,0,0,0,0,0,0,451.5,27
22,1.92,39,0,1,0,1462,2,0,0,0,1,0,0,0,0,0,0,0,0,0,547.25,27
28,1.72,38,8,11,293,2345,2,0,0,1,0,0,0,0,0,0,0,0,0,0,890,30
27,1.88,46,0,1,0,3634,6,0,0,0,0,0,0,0,1,0,0,0,0,0,1050,30
27,1.84,43,4,8,900,3600,1,0,1,0,0,0,0,0,0,0,0,0,0,0,629,40
23,1.9,27,5,4,304,1522,2,0,0,0,1,0,0,0,0,0,0,0,0,0,176.43,28
25,1.73,31,1,1,2493,2493,2,0,0,0,0,0,0,0,0,0,1,0,0,0,332.65,20
26,1.81,40,2,1,633,1266,1,0,1,0,0,0,0,0,0,0,0,0,0,0,629,25
26,1.71,34,1,11,2711,2711,3,0,0,0,0,0,0,0,0,0,1,0,0,0,154.65,14
24,1.73,33,0,2,0,2180,1,0,0,0,0,0,0,0,0,0,1,0,0,0,1020,40
25,1.76,25,2,0,392,783,6,0,1,0,0,0,0,0,0,0,0,0,0,0,882.55,20
28,1.88,26,0,0,0,1049,3,0,0,0,0,0,1,0,0,0,0,0,0,0,437,17
23,1.72,33,6,4,218,1306,2,0,0,0,0,0,0,1,0,0,0,0,0,0,629,35
20,1.89,31,4,4,335,1339,0,1,0,0,0,0,0,0,0,0,0,0,0,0,882.55,25
23,1.73,35,0,3,0,2698,3,0,0,0,0,0,1,0,0,0,0,0,0,0,324.2,28
25,1.74,31,1,2,2249,2249,6,0,1,0,0,0,0,0,0,0,0,0,0,0,487.3,22
26,1.9,13,1,0,722,722,0,0,0,0,0,0,1,0,0,0,0,0,0,0,1020,20
22,1.7,32,2,6,700,1400,3,0,0,0,1,0,0,0,0,0,0,0,0,0,890,27
26,1.75,33,1,2,2411,2411,6,0,0,0,0,0,0,0,0,0,1,0,0,0,890,40
22,1.77,40,2,3,1278,2557,5,0,0,0,1,0,0,0,0,0,0,0,0,0,318,30
23,1.72,22,7,1,145,1018,0,0,0,1,0,0,0,0,0,0,0,0,0,0,318,22
25,1.9,28,1,0,1524,1524,3,0,0,0,0,0,0,0,1,0,0,0,0,0,329.5,25
27,1.9,39,4,0,839,3355,3,0,0,0,0,0,1,0,0,0,0,0,0,0,253.5,35
22,1.77,15,3,2,355,1065,5,0,0,0,0,0,1,0,0,0,0,0,0,0,332.65,25
25,2,4,0,3,0,281,0,1,0,0,0,0,0,0,0,0,0,0,0,0,398.7,18
24,1.85,41,5,5,548,2741,2,0,1,0,0,0,0,0,0,0,0,0,0,0,259.2,25
23,1.73,42,5,13,623,3115,2,0,0,0,0,0,0,0,0,1,0,0,0,0,680.3,35
28,1.8,16,2,0,319,638,3,1,0,0,0,0,0,0,0,0,0,0,0,0,95.2,8
23,1.73,42,5,13,623,3115,2,0,0,0,0,0,0,0,0,1,0,0,0,0,680.3,35
28,1.87,33,5,2,327,1637,1,0,0,1,0,0,0,0,0,0,0,0,0,0,209,12
31,1.63,8,2,0,286,573,6,0,0,1,0,0,0,0,0,0,0,0,0,0,47.55,12
23,1.84,25,0,1,0,1852,0,0,0,0,0,0,1,0,0,0,0,0,0,0,437,25
30,1.85,24,2,1,1048,2095,2,0,0,0,0,0,0,0,1,0,0,0,0,0,352.9,18
27,1.83,28,8,1,268,2145,1,0,0,0,0,1,0,0,0,0,0,0,0,0,235.6,22
22,1.77,21,1,1,1074,1074,6,0,0,1,0,0,0,0,0,0,0,0,0,0,421.85,17
26,1.78,9,0,0,0,161,2,0,0,0,0,0,0,0,0,0,1,0,0,0,457,15
30,1.84,54,3,12,1234,3703,2,0,0,0,0,0,0,0,0,0,0,0,0,1,420.7,24
28,1.88,40,4,3,350,1401,3,0,0,0,0,0,0,1,0,0,0,0,0,0,534.45,14
26,1.86,36,0,2,0,2828,6,0,0,0,0,0,0,0,1,0,0,0,0,0,451.5,18
25,1.73,44,5,6,549,2744,1,0,0,0,0,1,0,0,0,0,0,0,0,0,259.2,17
25,1.78,39,12,11,276,3311,5,0,0,0,0,1,0,0,0,0,0,0,0,0,126.2,22
30,1.85,39,1,1,3446,3446,1,0,0,0,0,0,0,0,1,0,0,0,0,0,352.9,22
27,1.77,26,1,3,1284,1284,6,0,1,0,0,0,0,0,0,0,0,0,0,0,278.2,18
27,1.86,26,1,1,1973,1973,2,0,0,0,0,0,1,0,0,0,0,0,0,0,223,15
27,1.89,26,0,0,0,1955,2,0,0,0,0,0,0,0,1,0,0,0,0,0,397,14
30,1.81,24,20,8,91,1824,6,1,0,0,0,0,0,0,0,0,0,0,0,0,176.43,18
23,1.77,18,0,3,0,1022,1,0,0,0,1,0,0,0,0,0,0,0,0,0,243.7,22
24,1.85,40,3,3,993,2978,5,0,1,0,0,0,0,0,0,0,0,0,0,0,318,21
25,1.8,39,0,2,0,2456,2,0,0,0,0,0,0,0,0,0,1,0,0,0,487.3,20
22,1.75,29,3,4,512,1535,0,0,0,1,0,0,0,0,0,0,0,0,0,0,235.6,18
25,1.83,29,10,1,148,1481,3,1,0,0,0,0,0,0,0,0,0,0,0,0,332.65,20
30,1.72,22,1,0,918,918,6,0,0,1,0,0,0,0,0,0,0,0,0,0,437,14
25,1.75,40,3,4,1153,3460,3,0,0,0,0,0,0,0,0,1,0,0,0,0,457,24
25,1.75,39,1,8,2936,2936,1,0,0,0,0,0,0,0,0,0,1,0,0,0,358.7,20
26,1.76,47,12,15,248,2970,3,0,0,0,0,1,0,0,0,0,0,0,0,0,313,22
24,1.66,46,1,4,3344,3344,3,0,0,0,0,0,0,0,0,1,0,0,0,0,236.3,17
29,1.79,38,0,6,0,2752,2,0,0,0,0,0,0,0,0,0,1,0,0,0,437,20
20,1.88,43,7,6,284,1986,2,1,0,0,0,0,0,0,0,0,0,0,0,0,421.85,15
25,1.87,25,0,3,0,1344,2,0,0,0,0,0,0,0,0,1,0,0,0,0,882.55,20
31,1.8,33,0,0,0,2582,0,0,1,0,0,0,0,0,0,0,0,0,0,0,332.65,10
27,1.66,32,0,1,0,2400,3,0,0,0,0,0,1,0,0,0,0,0,0,0,176.43,15
31,1.74,32,1,0,1396,1396,6,0,0,0,0,1,0,0,0,0,0,0,0,0,398.7,16
23,1.84,51,14,4,237,3314,5,0,0,0,0,1,0,0,0,0,0,0,0,0,234.5,15
29,1.78,13,5,0,104,520,6,1,0,0,0,0,0,0,0,0,0,0,0,0,457,16
28,1.9,46,8,1,322,2577,1,0,0,0,1,0,0,0,0,0,0,0,0,0,236.3,12
25,1.83,25,1,4,1484,1484,6,0,0,0,0,0,0,0,0,1,0,0,0,0,979.7,28
31,1.82,41,2,9,1462,2923,6,0,1,0,0,0,0,0,0,0,0,0,0,0,795.7,25
24,1.85,30,5,1,404,2020,3,1,0,0,0,0,0,0,0,0,0,0,0,0,171.4,17
21,1.88,23,1,0,1191,1191,0,0,1,0,0,0,0,0,0,0,0,0,0,0,225.65,10
29,1.81,43,4,2,450,1802,2,1,0,0,0,0,0,0,0,0,0,0,0,0,317.15,9
28,1.78,19,1,0,1008,1008,5,0,0,0,0,0,0,0,0,1,0,0,0,0,234.5,8
23,1.83,37,2,3,782,1565,2,1,0,0,0,0,0,0,0,0,0,0,0,0,398.7,30
29,1.77,42,4,2,512,2050,6,0,1,0,0,0,0,0,0,0,0,0,0,0,795.7,20
26,1.74,25,2,5,451,902,2,0,0,1,0,0,0,0,0,0,0,0,0,0,329.5,15
25,1.78,44,16,7,212,3394,2,0,0,1,0,0,0,0,0,0,0,0,0,0,280.15,24
21,1.75,37,1,3,1419,1419,0,0,0,1,0,0,0,0,0,0,0,0,0,0,397,22
21,1.75,36,7,5,317,2221,5,1,0,0,0,0,0,0,0,0,0,0,0,0,320.3,25
26,1.91,6,3,0,123,370,2,1,0,0,0,0,0,0,0,0,0,0,0,0,376,18
23,1.83,38,7,3,364,2547,0,0,0,1,0,0,0,0,0,0,0,0,0,0,352.9,18
20,1.85,25,0,1,0,1861,0,0,0,0,0,0,0,0,0,0,1,0,0,0,318.6,18
29,1.81,46,15,3,229,3440,0,1,0,0,0,0,0,0,0,0,0,0,0,0,235.6,14
26,1.84,34,4,3,530,2120,5,0,1,0,0,0,0,0,0,0,0,0,0,0,154.15,16
26,1.84,44,10,7,307,3068,0,0,0,0,1,0,0,0,0,0,0,0,0,0,376,30
26,1.73,29,1,1,1265,1265,0,1,0,0,0,0,0,0,0,0,0,0,0,0,352.9,13
27,1.9,13,0,0,0,1076,0,0,0,0,0,0,0,0,1,0,0,0,0,0,332.65,18
27,1.77,43,10,10,340,3401,1,0,0,1,0,0,0,0,0,0,0,0,0,0,274.15,25
26,1.8,31,0,1,0,1852,2,0,0,0,0,0,0,0,0,1,0,0,0,0,317.15,10
26,1.72,4,0,0,0,256,6,0,1,0,0,0,0,0,0,0,0,0,0,0,879,15
29,1.85,18,2,0,380,761,6,0,0,1,0,0,0,0,0,0,0,0,0,0,313,8
27,1.87,15,1,0,793,793,6,0,0,0,0,0,0,0,1,0,0,0,0,0,487.3,15
29,1.91,46,5,4,826,4128,6,0,0,0,0,0,0,0,1,0,0,0,0,0,161.9,20
30,1.74,20,2,2,557,1114,6,0,0,0,1,0,0,0,0,0,0,0,0,0,332.65,12
26,1.88,20,33,6,55,1800,2,0,0,0,0,0,0,0,0,0,0,1,0,0,332.65,22
30,1.81,35,0,3,0,1912,6,0,0,0,0,0,0,0,0,0,1,0,0,0,209,12
32,1.75,20,2,1,487,974,6,0,1,0,0,0,0,0,0,0,0,0,0,0,317.15,12
22,1.71,14,0,0,0,635,6,0,0,0,0,0,0,0,0,1,0,0,0,0,547.25,12
29,1.88,27,3,2,573,1718,6,0,1,0,0,0,0,0,0,0,0,0,0,0,220.9,14
25,1.71,28,3,2,334,1003,0,0,0,0,0,1,0,0,0,0,0,0,0,0,253.5,13
29,1.73,29,6,6,305,1831,1,0,0,0,0,1,0,0,0,0,0,0,0,0,112.88,9.5
30,1.81,36,3,3,639,1917,1,0,0,0,1,0,0,0,0,0,0,0,0,0,259.2,18
20,1.88,33,3,4,889,2666,0,0,0,0,0,0,0,0,0,0,1,0,0,0,143.05,22
27,1.83,18,0,0,0,663,0,0,0,0,0,0,0,0,0,0,1,0,0,0,494.3,15
24,1.75,26,0,0,0,2292,6,0,0,0,0,0,1,0,0,0,0,0,0,0,318,20
23,1.69,37,0,0,0,2552,3,0,0,0,0,0,0,0,0,0,1,0,0,0,795.7,22
26,1.85,33,2,0,1304,2609,0,0,0,0,0,0,0,0,1,0,0,0,0,0,243.7,17
30,1.77,46,5,4,706,3532,3,0,0,0,0,0,1,0,0,0,0,0,0,0,259.2,14
27,1.8,31,8,1,91,728,6,1,0,0,0,0,0,0,0,0,0,0,0,0,629,17
20,1.88,33,3,4,889,2666,0,0,0,0,0,0,0,0,0,0,1,0,0,0,143.05,22
27,1.8,31,8,1,91,728,6,1,0,0,0,0,0,0,0,0,0,0,0,0,629,17
26,1.84,24,6,2,161,964,3,0,0,0,1,0,0,0,0,0,0,0,0,0,119.45,11.5
25,1.72,18,0,1,0,947,2,0,0,0,0,1,0,0,0,0,0,0,0,0,102.25,10
28,1.85,40,1,0,3356,3356,3,0,0,0,0,0,0,0,1,0,0,0,0,0,274.15,18
28,1.82,43,6,1,559,3354,6,0,0,0,0,0,0,0,1,0,0,0,0,0,259.2,20
20,1.88,33,3,4,889,2666,0,0,0,0,0,0,0,0,0,0,1,0,0,0,143.05,22
28,1.8,37,1,2,1570,1570,6,0,0,0,0,0,1,0,0,0,0,0,0,0,420.7,12
25,1.87,22,2,1,360,720,6,1,0,0,0,0,0,0,0,0,0,0,0,0,154.65,9
27,1.77,31,4,3,337,1348,3,1,0,0,0,0,0,0,0,0,0,0,0,0,398.7,12
21,1.82,32,3,3,575,1724,0,1,0,0,0,0,0,0,0,0,0,0,0,0,318,22
30,1.77,42,10,3,190,1904,1,1,0,0,0,0,0,0,0,0,0,0,0,0,451.5,16
26,1.86,32,1,1,1596,1596,2,0,0,0,0,0,0,0,1,0,0,0,0,0,234.5,13
29,1.86,39,9,1,239,2149,2,1,0,0,0,0,0,0,0,0,0,0,0,0,420.7,10
26,1.92,20,2,0,736,1472,2,0,0,0,0,0,0,0,1,0,0,0,0,0,397,14
26,1.87,34,5,3,563,2815,1,0,1,0,0,0,0,0,0,0,0,0,0,0,111.9,14
29,1.86,39,9,1,239,2149,2,1,0,0,0,0,0,0,0,0,0,0,0,0,420.7,10
24,1.87,44,22,16,157,3454,1,1,0,0,0,0,0,0,0,0,0,0,0,0,294.45,65
22,1.83,23,5,5,385,1926,2,1,0,0,0,0,0,0,0,0,0,0,0,0,96.2,18
26,1.87,28,0,0,0,2216,2,0,0,0,0,0,0,0,1,0,0,0,0,0,252.5,15
25,1.82,47,12,5,186,2233,6,1,0,0,0,0,0,0,0,0,0,0,0,0,236.3,10
27,1.81,26,5,1,243,1214,1,0,0,0,0,1,0,0,0,0,0,0,0,0,437,14
27,1.88,17,3,0,290,869,0,0,0,0,1,0,0,0,0,0,0,0,0,0,112.88,11
27,1.77,28,2,1,632,1265,2,0,0,0,0,0,1,0,0,0,0,0,0,0,78,7
22,1.83,23,5,5,385,1926,2,1,0,0,0,0,0,0,0,0,0,0,0,0,96.2,18
22,1.78,49,4,9,1046,4183,5,0,0,0,0,0,1,0,0,0,0,0,0,0,1020,85
21,1.82,19,3,0,316,948,2,0,0,0,0,1,0,0,0,0,0,0,0,0,1020,28
23,1.78,41,15,6,149,2235,2,1,0,0,0,0,0,0,0,0,0,0,0,0,259.2,22
20,1.79,21,0,1,0,1626,0,0,0,0,0,0,0,0,0,1,0,0,0,0,231.8,25
20,1.89,29,0,0,0,2474,3,0,0,0,0,0,0,0,1,0,0,0,0,0,243.7,18
26,1.79,21,0,5,0,647,0,0,0,1,0,0,0,0,0,0,0,0,0,0,451.5,15
23,1.96,18,0,0,0,1412,3,0,0,0,0,0,0,0,1,0,0,0,0,0,279.3,16
22,1.85,41,5,1,734,3669,0,0,0,0,0,0,0,0,1,0,0,0,0,0,320.3,20
22,1.76,10,1,0,566,566,5,0,1,0,0,0,0,0,0,0,0,0,0,0,398.7,15
28,2.01,33,17,0,109,1861,6,1,0,0,0,0,0,0,0,0,0,0,0,0,397,17
27,1.91,32,2,4,586,1173,0,1,0,0,0,0,0,0,0,0,0,0,0,0,156.7,9
25,1.85,38,2,4,1088,2177,3,0,0,0,0,0,0,0,0,0,1,0,0,0,629,18
23,1.8,34,0,3,0,2782,0,0,0,0,0,0,1,0,0,0,0,0,0,0,309.95,30
22,1.8,28,0,1,0,1144,0,0,0,1,0,0,0,0,0,0,0,0,0,0,318.6,15
27,1.74,31,2,7,750,1499,6,0,0,1,0,0,0,0,0,0,0,0,0,0,154.15,11
25,1.87,29,3,1,733,2200,6,0,0,0,0,0,0,0,0,1,0,0,0,0,318,15
25,1.78,31,1,1,1838,1838,1,0,1,0,0,0,0,0,0,0,0,0,0,0,332.65,12
26,1.87,40,14,4,155,2169,1,1,0,0,0,0,0,0,0,0,0,0,0,0,324.2,22
33,1.86,22,3,1,323,969,6,1,0,0,0,0,0,0,0,0,0,0,0,0,1020,7
22,1.83,41,14,17,220,3083,5,0,0,1,0,0,0,0,0,0,0,0,0,0,629,85
31,1.98,42,33,18,112,3712,0,0,0,0,0,0,0,0,0,0,0,1,0,0,494.3,18
19,1.82,22,1,3,733,733,0,1,0,0,0,0,0,0,0,0,0,0,0,0,376,15
24,1.85,34,5,6,404,2018,1,0,1,0,0,0,0,0,0,0,0,0,0,0,200.7,15
23,1.82,24,1,0,1287,1287,0,0,1,0,0,0,0,0,0,0,0,0,0,0,259.2,15
30,1.78,40,2,11,1522,3045,1,0,0,0,0,0,0,0,0,1,0,0,0,0,259.2,15
22,1.85,41,5,1,734,3669,0,0,0,0,0,0,0,0,1,0,0,0,0,0,320.3,20
25,1.94,31,2,1,1250,2500,0,0,0,0,0,0,0,0,1,0,0,0,0,0,115.95,15
23,1.88,36,20,2,144,2887,0,1,0,0,0,0,0,0,0,0,0,0,0,0,235.6,20
28,1.78,19,1,0,1008,1008,5,0,0,0,0,0,0,0,0,1,0,0,0,0,234.5,8
31,1.75,37,30,6,101,3018,6,1,0,0,0,0,0,0,0,0,0,0,0,0,231.8,12
28,1.81,32,1,2,2143,2143,6,0,1,0,0,0,0,0,0,0,0,0,0,0,231.8,14
20,1.85,51,16,6,208,3326,5,1,0,0,0,0,0,0,0,0,0,0,0,0,201.6,13
23,1.83,37,6,0,490,2943,1,0,0,0,0,0,0,0,0,0,1,0,0,0,259.2,18
27,1.78,19,0,0,0,1629,0,0,0,0,0,0,1,0,0,0,0,0,0,0,71.45,12
20,1.73,43,14,4,222,3106,3,0,0,0,0,1,0,0,0,0,0,0,0,0,60,13
24,1.72,26,8,2,186,1484,1,0,0,1,0,0,0,0,0,0,0,0,0,0,225.65,12
23,1.83,24,0,0,0,1397,0,0,1,0,0,0,0,0,0,0,0,0,0,0,309.95,15
25,1.7,47,4,11,642,2568,5,0,0,1,0,0,0,0,0,0,0,0,0,0,172.4,12
26,1.9,44,2,2,1900,3800,5,0,0,0,0,0,0,0,1,0,0,0,0,0,629,50
25,1.75,26,2,3,591,1182,1,1,0,0,0,0,0,0,0,0,0,0,0,0,332.65,10
28,1.76,32,2,2,1139,2278,6,0,0,0,0,0,0,0,0,0,1,0,0,0,451.5,12
26,1.85,10,0,0,0,718,3,0,0,0,0,0,0,0,1,0,0,0,0,0,209,10
30,1.97,47,11,7,284,3129,2,1,0,0,0,0,0,0,0,0,0,0,0,0,795.7,14
24,1.74,39,10,7,272,2722,5,0,0,0,1,0,0,0,0,0,0,0,0,0,183,14
30,1.97,47,11,7,284,3129,2,1,0,0,0,0,0,0,0,0,0,0,0,0,795.7,14
30,1.91,41,49,13,76,3720,2,0,0,0,0,0,0,0,0,0,0,1,0,0,201.6,12
19,1.72,29,2,2,562,1124,2,0,0,0,0,1,0,0,0,0,0,0,0,0,54.7,9
25,1.84,17,2,2,404,808,0,0,1,0,0,0,0,0,0,0,0,0,0,0,126.2,9
27,1.84,11,0,0,0,861,6,0,0,0,0,0,0,0,1,0,0,0,0,0,29.92,8
23,1.83,35,1,1,2133,2133,0,0,1,0,0,0,0,0,0,0,0,0,0,0,329.5,20
26,1.83,31,3,1,639,1918,2,0,1,0,0,0,0,0,0,0,0,0,0,0,253.5,13
25,1.83,36,0,2,0,2391,5,0,0,0,0,0,1,0,0,0,0,0,0,0,547.7,17
22,1.84,16,0,0,0,827,0,0,0,0,0,0,0,0,0,1,0,0,0,0,320.3,13
20,1.85,51,16,6,208,3326,5,1,0,0,0,0,0,0,0,0,0,0,0,0,201.6,13
22,1.85,25,1,4,1983,1983,0,0,1,0,0,0,0,0,0,0,0,0,0,0,169.53,15
31,1.81,24,5,6,310,1549,6,0,0,0,1,0,0,0,0,0,0,0,0,0,20,6
24,1.82,36,3,8,908,2724,1,0,0,0,0,1,0,0,0,0,0,0,0,0,91.45,11
22,1.83,32,0,1,0,2702,3,0,0,0,0,0,0,0,1,0,0,0,0,0,86.3,9
27,1.9,28,2,0,1240,2481,3,0,0,0,0,0,0,0,1,0,0,0,0,0,451.5,32
22,1.7,13,1,1,547,547,1,0,0,1,0,0,0,0,0,0,0,0,0,0,318.6,15
28,1.72,24,1,4,1027,1027,6,0,0,1,0,0,0,0,0,0,0,0,0,0,324.2,8
24,1.88,28,5,1,143,716,1,1,0,0,0,0,0,0,0,0,0,0,0,0,220.9,8
27,1.79,43,3,5,1095,3284,2,0,0,0,0,0,1,0,0,0,0,0,0,0,313,16
28,1.89,40,42,12,86,3600,0,0,0,0,0,0,0,0,0,0,0,1,0,0,259.2,14
25,1.88,39,2,6,1477,2954,6,0,0,0,0,0,0,0,1,0,0,0,0,0,318,12
24,1.9,6,3,4,152,456,5,0,0,0,0,0,0,0,0,0,0,1,0,0,274.15,8
20,1.76,25,1,5,666,666,6,0,0,0,0,1,0,0,0,0,0,0,0,0,279.3,12
31,1.89,37,6,1,226,1359,3,1,0,0,0,0,0,0,0,0,0,0,0,0,252.5,7
23,1.76,27,0,5,0,1694,0,0,0,0,0,0,0,0,0,0,1,0,0,0,280.15,10
27,1.91,38,1,1,2128,2128,6,0,0,0,0,0,1,0,0,0,0,0,0,0,279.3,9
21,1.8,30,1,1,2258,2258,1,0,0,0,0,0,1,0,0,0,0,0,0,0,169.53,15
28,1.9,46,8,1,322,2577,1,0,0,0,1,0,0,0,0,0,0,0,0,0,236.3,12
21,1.7,16,0,2,0,630,2,0,1,0,0,0,0,0,0,0,0,0,0,0,358.7,9
22,1.82,42,3,7,823,2468,0,0,0,0,0,1,0,0,0,0,0,0,0,0,252.5,15
26,1.82,35,2,3,719,1438,0,0,0,0,1,0,0,0,0,0,0,0,0,0,184.1,9
20,1.7,22,3,0,243,730,2,0,0,0,1,0,0,0,0,0,0,0,0,0,879,20
31,1.84,26,5,1,250,1250,1,1,0,0,0,0,0,0,0,0,0,0,0,0,172.4,6.5
33,1.74,33,0,1,0,2593,6,0,1,0,0,0,0,0,0,0,0,0,0,0,352.9,8
30,1.81,33,3,5,782,2347,6,0,1,0,0,0,0,0,0,0,0,0,0,0,176.43,7
26,1.86,37,7,6,363,2543,0,1,0,0,0,0,0,0,0,0,0,0,0,0,119.45,8
27,1.9,30,4,7,404,1615,1,1,0,0,0,0,0,0,0,0,0,0,0,0,111.9,10
30,1.82,36,9,4,259,2335,2,0,0,1,0,0,0,0,0,0,0,0,0,0,320.3,10
27,1.78,34,2,4,1312,2623,3,0,1,0,0,0,0,0,0,0,0,0,0,0,103.3,8
26,1.8,33,16,6,158,2526,1,1,0,0,0,0,0,0,0,0,0,0,0,0,99.68,14
27,1.83,31,4,5,491,1963,1,1,0,0,0,0,0,0,0,0,0,0,0,0,99.68,8.5
21,1.85,30,1,3,1025,1025,1,0,0,0,0,1,0,0,0,0,0,0,0,0,318.6,20
29,1.86,22,0,0,0,1533,1,0,0,0,0,0,0,0,1,0,0,0,0,0,317.15,12
30,1.93,10,9,5,100,900,6,0,0,0,0,0,0,0,0,0,0,1,0,0,309.95,4
27,1.9,39,33,19,107,3540,5,0,0,0,0,0,0,0,0,0,0,1,0,0,534.45,20
28,1.89,35,2,1,592,1183,6,1,0,0,0,0,0,0,0,0,0,0,0,0,547.25,8
27,1.86,34,1,2,2628,2628,5,0,0,0,0,0,0,0,1,0,0,0,0,0,680.3,12
35,1.8,38,8,7,270,2157,6,0,0,0,0,1,0,0,0,0,0,0,0,0,420.7,10
24,1.78,34,14,1,186,2597,3,1,0,0,0,0,0,0,0,0,0,0,0,0,126.2,10
28,1.86,19,3,2,257,772,6,0,0,0,0,1,0,0,0,0,0,0,0,0,46.95,7
23,1.91,24,2,1,982,1965,0,0,0,0,0,0,0,0,1,0,0,0,0,0,209,10
32,1.88,34,3,0,587,1762,6,0,0,0,0,0,0,0,0,0,1,0,0,0,767,7
29,1.77,10,0,0,0,487,5,0,0,0,1,0,0,0,0,0,0,0,0,0,332.65,12
25,1.87,22,2,1,360,720,6,1,0,0,0,0,0,0,0,0,0,0,0,0,154.65,9
22,1.75,32,2,4,776,1552,2,0,0,1,0,0,0,0,0,0,0,0,0,0,209,12
